compiler/src/compiler/codegen/llvm_types.cryo:303	get_named_function	name	string
compiler/src/compiler/codegen/llvm_types.cryo:307	get_named_global	name	string
compiler/src/compiler/codegen/llvm_types.cryo:319	add_function	name	string
compiler/src/compiler/codegen/llvm_types.cryo:327	add_global	name	string
compiler/src/compiler/codegen/llvm_types.cryo:1061	named_struct	name	string
compiler/src/compiler/codegen/llvm_types.cryo:1069	struct_by_name	name	string
compiler/src/compiler/codegen/type_map.cryo:413	forward_declare_struct	name	string
compiler/src/compiler/codegen/test_main_codegen.cryo:299	add_extern_test_function	mangled	string
compiler/src/compiler/codegen/ops/declaration_emitter.cryo:360	apply_spec_linkage	fn_name	string
compiler/src/compiler/codegen/ops/declaration_emitter.cryo:376	apply_directive_effects	fn_name	string
compiler/src/compiler/codegen/passes.cryo:2012	is_stripped	name	string
compiler/src/compiler/codegen/state/diag_sink.cryo:62	is_stripped	name	string
compiler/src/compiler/codegen/ops/intrinsic_emitter.cryo:99	get_or_decl_unary_intrinsic	name	string
compiler/src/compiler/codegen/ops/intrinsic_emitter.cryo:110	get_or_decl_ctlz_cttz	name	string
compiler/src/compiler/codegen/ops/intrinsic_emitter.cryo:124	get_or_decl_binary_intrinsic	name	string
compiler/src/compiler/codegen/ops/intrinsic_emitter.cryo:138	get_or_decl_ternary_intrinsic	name	string
compiler/src/compiler/codegen/ops/intrinsic_emitter.cryo:153	get_or_decl_void_noarg	name	string
compiler/src/compiler/codegen/ops/intrinsic_emitter.cryo:162	emit_addr_intrinsic	name	string
compiler/src/compiler/codegen/ops/intrinsic_emitter.cryo:183	get_or_decl_fpclass	name	string
compiler/src/compiler/codegen/ops/intrinsic_emitter.cryo:238	emit_unary_llvm	iname	string
compiler/src/compiler/codegen/ops/intrinsic_emitter.cryo:253	emit_clz_or_ctz	iname	string
compiler/src/compiler/codegen/ops/intrinsic_emitter.cryo:271	emit_rotate	iname	string
compiler/src/compiler/codegen/ops/intrinsic_emitter.cryo:297	emit_binary_llvm	iname	string
compiler/src/compiler/codegen/ops/intrinsic_emitter.cryo:311	emit_ternary_llvm	iname	string
compiler/src/compiler/codegen/ops/intrinsic_emitter.cryo:1057	get_or_decl_check_handler	name	string
compiler/src/compiler/codegen/ops/intrinsic_emitter.cryo:1083	emit_check_handler_call	name	string
compiler/src/compiler/codegen/ops/intrinsic_emitter.cryo:1107	emit_check_sink	name	string
