what	file	line	owner	name
type	compiler/src/compiler/codegen/llvm_types.cryo	131	enum	compiler::codegen::llvm_types::LVerifierAction
type	compiler/src/compiler/passes/move_check.cryo	89	enum	compiler::passes::move_check::MoveState
type	compiler/src/compiler/resolver/mangled_name.cryo	119	enum	compiler::resolver::mangled_name::OperatorKind
type	compiler/src/compiler/types/checker.cryo	86	struct	compiler::types::checker::ConversionInfo
field	compiler/src/CLI/_module.cryo	25	cli::Argument	aliases
field	compiler/src/CLI/_module.cryo	26	cli::Argument	required
field	compiler/src/CLI/_module.cryo	27	cli::Argument	is_flag
field	compiler/src/compiler/bindgen/clang.cryo	31	compiler::bindgen::clang::CXString	private_flags
field	compiler/src/compiler/bindgen/clang.cryo	37	compiler::bindgen::clang::CXCursor	xdata
field	compiler/src/compiler/bindgen/clang.cryo	196	compiler::bindgen::clang::CXUnsavedFile	filename
field	compiler/src/compiler/bindgen/clang.cryo	208	compiler::bindgen::clang::CXSourceLocation	ptr_data
field	compiler/src/compiler/bindgen/clang.cryo	209	compiler::bindgen::clang::CXSourceLocation	int_data
field	compiler/src/compiler/bindgen/clang.cryo	217	compiler::bindgen::clang::CXSourceRange	ptr_data
field	compiler/src/compiler/bindgen/clang.cryo	218	compiler::bindgen::clang::CXSourceRange	begin_int_data
field	compiler/src/compiler/bindgen/clang.cryo	219	compiler::bindgen::clang::CXSourceRange	end_int_data
field	compiler/src/compiler/bindgen/clang.cryo	226	compiler::bindgen::clang::CXToken	int_data
field	compiler/src/compiler/bindgen/clang.cryo	227	compiler::bindgen::clang::CXToken	ptr_data
field	compiler/src/compiler/bindgen/generator.cryo	130	compiler::bindgen::generator::BindingSerializer	ns
field	compiler/src/compiler/diag/renderer.cryo	102	compiler::diag::renderer::RenderConfig	preserve_markup
field	compiler/src/compiler/lex/Lexer.cryo	32	compiler::lex::lexer::Lexer	spot_content
field	compiler/src/compiler/lex/Lexer.cryo	34	compiler::lex::lexer::Lexer	current_token
field	compiler/src/compiler/lex/Lexer.cryo	36	compiler::lex::lexer::Lexer	token_count
field	compiler/src/compiler/module_graph.cryo	149	compiler::module_graph::ModuleInfo	processed
field	compiler/src/compiler/module_graph.cryo	159	compiler::module_graph::ModuleInfo	specializations
field	compiler/src/compiler/mono/State.cryo	112	compiler::mono::state::SpecializationEntry	specialized_name
field	compiler/src/compiler/passes/pass_id.cryo	674	compiler::passes::pass_id::PassMetadata	order
field	compiler/src/compiler/sema/async_lower.cryo	344	compiler::sema::async_lower::AsyncDecl	owner_impl
field	compiler/src/utils/logger.cryo	59	utils::logger::LoggerConfig	enable_colors
field	compiler/src/utils/logger.cryo	60	utils::logger::LoggerConfig	enable_timestamps
field	compiler/src/utils/logger.cryo	61	utils::logger::LoggerConfig	enable_component_tags
