compiler/src/CLI/commands.cryo:1834	check_annotations	out	string
compiler/src/CLI/commands.cryo:1834	check_annotations	fname	string
compiler/src/CLI/commands.cryo:1949	job_tmp_path	tmp	string
compiler/src/CLI/commands.cryo:2275	parse_test_json	content	string
compiler/src/CLI/commands.cryo:2418	proj_marker_path	projects_dir	string
compiler/src/CLI/commands.cryo:2703	project_outcome	tmp	string
compiler/src/CLI/commands.cryo:2958	compile_file	file_path	string
compiler/src/compiler/build_manifest.cryo:268	write_manifest	fp_hex	string
compiler/src/compiler/instance.cryo:774	compile_project	config_path	string
compiler/src/compiler/instance.cryo:3492	sync_vendor_lock	lock_path	string
compiler/src/compiler/bindgen/generator.cryo:942	write_depfile	cryo_path	string
compiler/src/compiler/codegen/passes.cryo:265	link_quote	s	string
compiler/src/compiler/codegen/passes.cryo:385	runtime_dir_has_core	dir	string
compiler/src/compiler/codegen/passes.cryo:396	runtime_dir_pick	dir	string
compiler/src/compiler/codegen/passes.cryo:396	runtime_dir_pick	triple	string
compiler/src/compiler/codegen/passes.cryo:601	emit_linked_ir_dump	profile_dir	string
compiler/src/compiler/codegen/passes.cryo:601	emit_linked_ir_dump	ll_path	string
