compiler/src/compiler/diag/suggestion.cryo:58	new	replacement	string
compiler/src/utils/syntax_highlighter.cryo:45	print_line	line	string
compiler/src/utils/syntax_highlighter.cryo:62	highlight_stream	line	string
compiler/src/utils/syntax_highlighter.cryo:432	emit_plain	line	string
compiler/src/utils/syntax_highlighter.cryo:440	emit_colored	line	string
compiler/src/utils/syntax_highlighter.cryo:440	emit_colored	color	string
compiler/src/utils/syntax_highlighter.cryo:452	char_at	line	string
compiler/src/utils/syntax_highlighter.cryo:457	lex_eq	line	string
compiler/src/compiler/diag/renderer.cryo:423	emit_gutter_blank	tail	string
compiler/src/compiler/diag/renderer.cryo:436	emit_gutter_num	num_pre	string
compiler/src/compiler/diag/renderer.cryo:436	emit_gutter_num	tail	string
compiler/src/compiler/diag/renderer.cryo:1671	expand_tabs	line	string
compiler/src/compiler/diag/renderer.cryo:1724	byte_col_to_visual	line	string
compiler/src/compiler/diag/renderer.cryo:1757	splice_replacement	line	string
compiler/src/compiler/diag/renderer.cryo:1757	splice_replacement	replacement	string
compiler/src/compiler/diag/renderer.cryo:1806	substring_bytes	s	string
compiler/src/compiler/diag/renderer.cryo:1819	leading_whitespace_count	line	string
compiler/src/compiler/lex/lexer.cryo:1086	process_escape_sequences	raw	string
compiler/src/compiler/const_table.cryo:226	parse_int_literal	text	string
compiler/src/compiler/AST/pattern.cryo:331	string_lit	content	string
compiler/src/compiler/AST/pattern.cryo:344	int_lit	raw	string
compiler/src/compiler/project_config.cryo:1097	parse_codegen_threads	s	string
compiler/src/compiler/project_config.cryo:1116	parse_string_array	raw	string
compiler/src/compiler/project_config.cryo:1187	parse_inline_table_into_dep	raw	string
compiler/src/compiler/project_config.cryo:1343	looks_like_url	s	string
compiler/src/compiler/AST/declaration.cryo:73	set_documentation	doc	string
compiler/src/compiler/parser/parser_base.cryo:439	parse_numeric_lexeme_i64	s	string
compiler/src/compiler/parser/parser_base.cryo:499	numeric_lexeme_overflows_u64	s	string
compiler/src/compiler/parser/parser_base.cryo:537	unquote_string_lexeme	s	string
compiler/src/compiler/parser/parser_base.cryo:551	parse_numeric_lexeme_f64	s	string
compiler/src/compiler/parser/parser_base.cryo:558	is_float_lexeme	s	string
compiler/src/compiler/parser/parser_base.cryo:880	count_newlines_in_str	s	string
compiler/src/compiler/parser/expr_parser.cryo:1061	fstr_flush_range	raw	string
compiler/src/compiler/parser/expr_parser.cryo:1098	fstr_parse_hole	src	string
compiler/src/compiler/parser/expr_parser.cryo:1106	fstr_rstrip_len	s	string
compiler/src/compiler/parser/expr_parser.cryo:1142	fstr_find_spec_colon	s	string
compiler/src/compiler/parser/expr_parser.cryo:1172	fstr_spec_is_valid	s	string
compiler/src/compiler/parser/expr_parser.cryo:1217	fstr_skip_quoted	src	string
compiler/src/compiler/parser/expr_parser.cryo:3281	lexeme_first_dot	s	string
compiler/src/compiler/parser/parser.cryo:471	parse_declaration	doc	string
compiler/src/compiler/sema/helpers.cryo:254	int_literal_text_is_zero	s	string
compiler/src/compiler/sema/helpers.cryo:284	int_literal_exceeds	s	string
compiler/src/compiler/sema/helpers.cryo:341	parse_tuple_index	s	string
compiler/src/compiler/sema/helpers.cryo:358	sema_decode_range_bound	s	string
compiler/src/compiler/sema/helpers.cryo:437	lexeme_looks_like_number	s	string
compiler/src/compiler/passes/move_check.cryo:820	emit_use_after_move	headline	string
compiler/src/compiler/deps/semver.cryo:49	parse	s	string
compiler/src/compiler/deps/semver.cryo:84	read_digits	s	string
compiler/src/compiler/deps/semver.cryo:94	read_int	s	string
compiler/src/compiler/deps/semver.cryo:128	parse	s	string
compiler/src/CLI/commands.cryo:1622	neg_parse_uint	s	string
compiler/src/CLI/commands.cryo:1640	neg_line_contains	view	string
compiler/src/CLI/commands.cryo:1640	neg_line_contains	needle	string
compiler/src/CLI/commands.cryo:1662	neg_arrow_line	view	string
compiler/src/CLI/commands.cryo:1876	neg_color_active	col_choice	string
compiler/src/CLI/commands.cryo:1917	suite_jobs	cli_value	string
compiler/src/CLI/commands.cryo:3648	to_lower	s	string
