compiler/src/CLI/commands.cryo:156	exec_path	path	string
compiler/src/CLI/commands.cryo:170	exec_path	path	string
compiler/src/CLI/commands.cryo:197	shell_in_dir	dir	string
compiler/src/CLI/commands.cryo:197	shell_in_dir	cmd	string
compiler/src/CLI/commands.cryo:202	shell_in_dir	dir	string
compiler/src/CLI/commands.cryo:202	shell_in_dir	cmd	string
compiler/src/CLI/commands.cryo:977	prompt_default	label	string
compiler/src/CLI/commands.cryo:977	prompt_default	def	string
compiler/src/CLI/commands.cryo:985	prompt_required	label	string
compiler/src/CLI/commands.cryo:991	read_line_or	def	string
compiler/src/CLI/commands.cryo:1027	write_main_cryo	path	string
compiler/src/CLI/commands.cryo:1104	write_cryoconfig	path	string
compiler/src/CLI/commands.cryo:1104	write_cryoconfig	src_dir	string
compiler/src/CLI/commands.cryo:1104	write_cryoconfig	out_dir	string
compiler/src/CLI/commands.cryo:1543	dir_of	path	string
compiler/src/CLI/commands.cryo:1566	read_file_or_empty	path	string
compiler/src/CLI/commands.cryo:1575	neg_code_from	content	string
compiler/src/CLI/commands.cryo:1667	parse_neg_expectations	content	string
compiler/src/CLI/commands.cryo:1738	parse_diagnostics	out	string
compiler/src/CLI/commands.cryo:1738	parse_diagnostics	fname	string
compiler/src/CLI/commands.cryo:1814	check_annotations	out	string
compiler/src/CLI/commands.cryo:1814	check_annotations	fname	string
compiler/src/CLI/commands.cryo:1929	job_tmp_path	tmp	string
compiler/src/CLI/commands.cryo:2255	parse_test_json	content	string
compiler/src/CLI/commands.cryo:2398	proj_marker_path	projects_dir	string
compiler/src/CLI/commands.cryo:2636	proj_report	detail	string
compiler/src/CLI/commands.cryo:2659	project_command	self_exe	string
compiler/src/CLI/commands.cryo:2659	project_command	stdlib_abs	string
compiler/src/CLI/commands.cryo:2659	project_command	proj_dir	string
compiler/src/CLI/commands.cryo:2659	project_command	tmp	string
compiler/src/CLI/commands.cryo:2678	project_outcome	tmp	string
compiler/src/CLI/commands.cryo:2860	print_demangled	sym	string
compiler/src/CLI/commands.cryo:2900	infer_output_kind	path	string
compiler/src/CLI/commands.cryo:2931	compile_file	file_path	string
compiler/src/CLI/commands.cryo:3132	vendor_register	path	string
compiler/src/CLI/commands.cryo:3352	vendor_box_rule	label	string
compiler/src/CLI/commands.cryo:3377	vendor_box_field	label	string
compiler/src/CLI/commands.cryo:3377	vendor_box_field	value	string
compiler/src/CLI/commands.cryo:3603	path_basename	p	string
compiler/src/CLI/commands.cryo:3627	copy_text_file	src	string
compiler/src/CLI/commands.cryo:3627	copy_text_file	dest	string
compiler/src/compiler/artifacts.cryo:30	new	source_file	string
compiler/src/compiler/artifacts.cryo:30	new	source_content	string
compiler/src/compiler/artifacts.cryo:153	register_object_file	path	string
compiler/src/compiler/build_manifest.cryo:112	read_module_keys	path	string
compiler/src/compiler/build_manifest.cryo:185	new	stdlib_archive	string
compiler/src/compiler/build_manifest.cryo:234	is_up_to_date	fp_hex	string
compiler/src/compiler/build_manifest.cryo:246	write_fingerprint	fp_hex	string
compiler/src/compiler/build_manifest.cryo:263	write_manifest	fp_hex	string
compiler/src/compiler/build_manifest.cryo:346	fold_file	path	string
compiler/src/compiler/build_manifest.cryo:432	read_file_trimmed	path	string
compiler/src/compiler/build_manifest.cryo:478	file_size_bytes	path	string
compiler/src/compiler/instance.cryo:277	ok	output_path	string
compiler/src/compiler/instance.cryo:287	ok_with_warnings	output_path	string
compiler/src/compiler/instance.cryo:404	run_pipeline	output_path	string
compiler/src/compiler/instance.cryo:501	compile_file	source	string
compiler/src/compiler/instance.cryo:550	compile_raw	source	string
compiler/src/compiler/instance.cryo:592	compile_for_check	source	string
compiler/src/compiler/instance.cryo:630	compile_for_lsp	source	string
compiler/src/compiler/instance.cryo:650	compile_for_lsp_content_into	virtual_path	string
compiler/src/compiler/instance.cryo:650	compile_for_lsp_content_into	content	string
compiler/src/compiler/instance.cryo:682	compile_for_lsp_project_into	config_path	string
compiler/src/compiler/instance.cryo:682	compile_for_lsp_project_into	override_path	string
compiler/src/compiler/instance.cryo:682	compile_for_lsp_project_into	override_content	string
compiler/src/compiler/instance.cryo:762	compile_project	config_path	string
compiler/src/compiler/instance.cryo:3319	resolve_stdlib_root	cli_override	string
compiler/src/compiler/instance.cryo:3319	resolve_stdlib_root	cryoconfig_override	string
compiler/src/compiler/instance.cryo:3319	resolve_stdlib_root	project_root	string
compiler/src/compiler/instance.cryo:3460	lock_path_for	consumer_root	string
compiler/src/compiler/instance.cryo:3476	sync_vendor_lock	lock_path	string
compiler/src/compiler/project_config.cryo:583	parse	path	string
compiler/src/compiler/project_config.cryo:931	deps_dir_for	origin_subdir	string
compiler/src/compiler/project_config.cryo:936	ir_dir_for	origin_subdir	string
compiler/src/compiler/project_config.cryo:979	lib_archive_path	archive_name	string
compiler/src/compiler/project_config.cryo:1010	mkdir_p	path	string
compiler/src/compiler/project_config.cryo:1044	find_cryoconfig	start_dir	string
compiler/src/compiler/bindgen/generator.cryo:711	escape	s	string
compiler/src/compiler/bindgen/generator.cryo:833	provenance_key	source_path	string
compiler/src/compiler/bindgen/generator.cryo:833	provenance_key	triple	string
compiler/src/compiler/bindgen/generator.cryo:833	provenance_key	cache_file	string
compiler/src/compiler/bindgen/generator.cryo:833	provenance_key	lang	string
compiler/src/compiler/bindgen/generator.cryo:904	fold_depfile	depfile	string
compiler/src/compiler/bindgen/generator.cryo:936	write_depfile	cryo_path	string
compiler/src/compiler/bindgen/generator.cryo:968	join	base	string
compiler/src/compiler/bindgen/generator.cryo:968	join	rel	string
compiler/src/compiler/bindgen/generator.cryo:979	resolve_header	source_path	string
compiler/src/compiler/bindgen/generator.cryo:979	resolve_header	header	string
compiler/src/compiler/bindgen/importer.cryo:111	skip	line	string
compiler/src/compiler/bindgen/importer.cryo:114	approx	line	string
compiler/src/compiler/bindgen/importer.cryo:118	ignore	line	string
compiler/src/compiler/bindgen/importer.cryo:2269	import_local_header	resolved_path	string
compiler/src/compiler/bindgen/importer.cryo:2281	import_system_header	header	string
compiler/src/compiler/bindgen/importer.cryo:2339	collect_from_tu	lang	string
compiler/src/compiler/bindgen/importer.cryo:2339	collect_from_tu	cpp_std	string
compiler/src/compiler/bindgen/importer.cryo:2447	to_forward_slashes	p	string
compiler/src/compiler/bindgen/importer.cryo:2458	get_directory	path	string
compiler/src/compiler/bindgen/importer.cryo:2475	resolve_include_path	source_dir	string
compiler/src/compiler/bindgen/importer.cryo:2475	resolve_include_path	include_path	string
compiler/src/compiler/codegen/passes.cryo:113	linker_config_for_triple	triple	string
compiler/src/compiler/codegen/passes.cryo:225	run_tool	cmd	string
compiler/src/compiler/codegen/passes.cryo:225	run_tool	log_path	string
compiler/src/compiler/codegen/passes.cryo:244	tool_failure	cmd	string
compiler/src/compiler/codegen/passes.cryo:244	tool_failure	rsp_path	string
compiler/src/compiler/codegen/passes.cryo:244	tool_failure	output	string
compiler/src/compiler/codegen/passes.cryo:259	link_quote	s	string
compiler/src/compiler/codegen/passes.cryo:264	link_quote	s	string
compiler/src/compiler/codegen/passes.cryo:316	append_hosted_runtime_libs	cmd	string
compiler/src/compiler/codegen/passes.cryo:316	append_hosted_runtime_libs	triple	string
compiler/src/compiler/codegen/passes.cryo:376	runtime_dir_has_core	dir	string
compiler/src/compiler/codegen/passes.cryo:387	runtime_dir_pick	dir	string
compiler/src/compiler/codegen/passes.cryo:387	runtime_dir_pick	triple	string
compiler/src/compiler/codegen/passes.cryo:410	stdlib_archive_path	stdlib_root	string
compiler/src/compiler/codegen/passes.cryo:410	stdlib_archive_path	triple	string
compiler/src/compiler/codegen/passes.cryo:435	resolve_runtime_lib_dir	triple	string
compiler/src/compiler/codegen/passes.cryo:522	append_runtime_tier_libs	cmd	string
compiler/src/compiler/codegen/passes.cryo:522	append_runtime_tier_libs	triple	string
compiler/src/compiler/codegen/passes.cryo:551	hoist_binary	src	string
compiler/src/compiler/codegen/passes.cryo:551	hoist_binary	dst	string
compiler/src/compiler/codegen/passes.cryo:562	write_rsp_file	path	string
compiler/src/compiler/codegen/passes.cryo:584	emit_linked_ir_dump	profile_dir	string
compiler/src/compiler/codegen/passes.cryo:584	emit_linked_ir_dump	ll_path	string
compiler/src/compiler/codegen/passes.cryo:597	emit_linked_ir_dump	profile_dir	string
compiler/src/compiler/codegen/passes.cryo:597	emit_linked_ir_dump	ll_path	string
compiler/src/compiler/codegen/passes.cryo:1203	run_emit_worker	manifest_path	string
compiler/src/compiler/codegen/passes.cryo:1250	run_multiprocess_emit	triple	string
compiler/src/compiler/codegen/passes.cryo:1250	run_multiprocess_emit	self_exe	string
compiler/src/compiler/codegen/passes.cryo:1250	run_multiprocess_emit	manifest_path	string
compiler/src/compiler/codegen/passes.cryo:1320	emit_object_from_bitcode	bc_path	string
compiler/src/compiler/codegen/passes.cryo:1320	emit_object_from_bitcode	o_path	string
compiler/src/compiler/codegen/passes.cryo:1320	emit_object_from_bitcode	triple	string
compiler/src/compiler/codegen/passes.cryo:1447	emit_ir_text	path	string
compiler/src/compiler/codegen/passes.cryo:1907	bundle_object_list	archive_path	string
compiler/src/compiler/codegen/passes.cryo:2136	shell_quote	s	string
compiler/src/compiler/codegen/passes.cryo:2165	tool_available	tool	string
compiler/src/compiler/codegen/passes.cryo:2221	pick_link_driver	default_driver	string
compiler/src/compiler/codegen/passes.cryo:2269	static_llvm_link_flags	llvm_config	string
compiler/src/compiler/codegen/passes.cryo:2303	paths_equal_loose	a	string
compiler/src/compiler/codegen/passes.cryo:2303	paths_equal_loose	b	string
compiler/src/compiler/deps/cache.cryo:126	git_dir_for	url	string
compiler/src/compiler/deps/cache.cryo:133	checkout_dir_for	url	string
compiler/src/compiler/deps/cache.cryo:133	checkout_dir_for	sha	string
compiler/src/compiler/deps/cache.cryo:152	sanitize_url	url	string
compiler/src/compiler/deps/dep_resolver.cryo:102	for_path	abs_path	string
compiler/src/compiler/deps/dep_resolver.cryo:105	for_git	url	string
compiler/src/compiler/deps/dep_resolver.cryo:105	for_git	sha	string
compiler/src/compiler/deps/dep_resolver.cryo:122	resolve	lock_path	string
compiler/src/compiler/deps/dep_resolver.cryo:413	harvest_roots	dep_root	string
compiler/src/compiler/deps/dep_resolver.cryo:413	harvest_roots	path_for_loader	string
compiler/src/compiler/deps/dep_resolver.cryo:434	harvest_roots_abs	dep_root	string
compiler/src/compiler/deps/dep_resolver.cryo:453	join_path	base	string
compiler/src/compiler/deps/dep_resolver.cryo:453	join_path	rel	string
compiler/src/compiler/deps/git.cryo:46	ensure_bare_clone	url	string
compiler/src/compiler/deps/git.cryo:92	resolve_ref_to_sha	url	string
compiler/src/compiler/deps/git.cryo:92	resolve_ref_to_sha	ref_val	string
compiler/src/compiler/deps/git.cryo:142	list_tags	url	string
compiler/src/compiler/deps/git.cryo:153	checkout_path	url	string
compiler/src/compiler/deps/git.cryo:153	checkout_path	sha	string
compiler/src/compiler/deps/git.cryo:160	is_checkout_present	url	string
compiler/src/compiler/deps/git.cryo:160	is_checkout_present	sha	string
compiler/src/compiler/deps/git.cryo:170	materialize_checkout	url	string
compiler/src/compiler/deps/git.cryo:170	materialize_checkout	sha	string
compiler/src/compiler/deps/lockfile.cryo:86	file_sha	path	string
compiler/src/compiler/deps/lockfile.cryo:136	read	path	string
compiler/src/compiler/deps/lockfile.cryo:207	write	path	string
compiler/src/compiler/diag/renderer.cryo:191	load_source	filepath	string
compiler/src/compiler/diag/renderer.cryo:215	has_source	filepath	string
compiler/src/compiler/diag/renderer.cryo:220	get_content	filepath	string
compiler/src/compiler/diag/renderer.cryo:230	get_line	filepath	string
compiler/src/compiler/diag/renderer.cryo:394	print_source_line	line_text	string
compiler/src/compiler/diag/renderer.cryo:864	render_line_group	file	string
compiler/src/compiler/diag/renderer.cryo:923	render_labels_for_line	file	string
compiler/src/compiler/diag/renderer.cryo:977	render_stacked_two_labels	file	string
compiler/src/compiler/diag/sink.cryo:72	mark_vendor_file	path	string
compiler/src/compiler/diag/sink.cryo:80	is_vendor_file	path	string
compiler/src/compiler/diag/source_span.cryo:29	new	file	string
compiler/src/compiler/lex/_module.cryo:1088	new	path	string
compiler/src/compiler/lex/lexer.cryo:43	new	path	string
compiler/src/compiler/lex/lexer.cryo:43	new	source	string
compiler/src/compiler/sema/call_facts.cryo:234	write	path	string
compiler/src/compiler/sema/call_facts.cryo:278	normalized_path	p	string
compiler/src/compiler/vendor/registry.cryo:121	cache_file_for	triple	string
compiler/src/compiler/vendor/registry.cryo:188	normalize_triple	triple	string
compiler/src/compiler/vendor/registry.cryo:330	replace_file_atomic	tmp	string
compiler/src/compiler/vendor/registry.cryo:330	replace_file_atomic	path	string
compiler/src/compiler/vendor/registry.cryo:334	replace_file_atomic	tmp	string
compiler/src/compiler/vendor/registry.cryo:334	replace_file_atomic	path	string
