src/compiler/AST/declaration.cryo	1287	lookup_method
src/compiler/AST/expression.cryo	968	add_capture
src/compiler/AST/node_locator.cryo	924	method_by_name
src/compiler/bindgen/importer.cryo	477	name_seen
src/compiler/bindgen/importer.cryo	486	find_struct
src/compiler/bindgen/importer.cryo	1864	find_function
src/compiler/codegen/Ops/declaration_emitter.cryo	806	find_vtable_slot_impl
src/compiler/codegen/Ops/declaration_emitter.cryo	875	vtable_slot_index
src/compiler/codegen/Ops/symbol_resolver.cryo	168	owned_by_current_module
src/compiler/codegen/State/function_registry.cryo	38	register
src/compiler/codegen/State/function_registry.cryo	53	get
src/compiler/codegen/State/value_table.cryo	50	set_persistent
src/compiler/codegen/Visit/ir_generator.cryo	1099	codegen_struct_literal
src/compiler/const_table.cryo	574	variant_tag_of
src/compiler/decl_index.cryo	522	register_signature
src/compiler/decl_index.cryo	830	note_extern_symbol
src/compiler/decl_index.cryo	842	extern_symbol_conflict
src/compiler/module_graph.cryo	248	add_dependency
src/compiler/module_graph.cryo	262	add_imported_namespace
src/compiler/module_graph.cryo	272	add_reexport
src/compiler/module_graph.cryo	283	add_submodule
src/compiler/module_graph.cryo	535	register_c_import_module
src/compiler/resolver/Resolver.cryo	806	exports_named
src/compiler/resolver/Resolver.cryo	956	resolve_path
src/compiler/resolver/name_resolution.cryo	1706	reaching_import_for
src/compiler/resolver/name_resolution.cryo	1752	refuse_unbound_type
src/compiler/resolver/qualified_name.cryo	173	equals
src/compiler/resolver/qualified_name.cryo	188	starts_with
src/compiler/resolver/qualified_name.cryo	204	ends_with
src/compiler/resolver/scope.cryo	194	find
src/compiler/resolver/scope.cryo	222	insert
src/compiler/resolver/scope.cryo	268	insert_import
src/compiler/resolver/scope.cryo	302	push_entry
src/compiler/resolver/scope.cryo	314	clear_ambiguity
src/compiler/resolver/scope.cryo	334	is_ambiguous
src/compiler/resolver/scope.cryo	346	get_ambiguous_module_ids
src/compiler/resolver/scope.cryo	363	get_overloads
src/compiler/resolver/symbol_str.cryo	42	equals
src/compiler/sema/Diagnostics.cryo	297	find_shadowed_type_candidates
src/compiler/sema/Diagnostics.cryo	364	attach_shadow_import_suggestions
src/compiler/sema/async_lower.cryo	210	push_orig
src/compiler/sema/async_lower.cryo	218	index_of
src/compiler/sema/async_lower.cryo	256	push_unique
src/compiler/sema/async_lower.cryo	1726	name_read_in_expr
src/compiler/sema/async_lower.cryo	1980	name_is_whole_place
src/compiler/sema/async_lower.cryo	1993	subst_name_expr
src/compiler/sema/async_lower.cryo	4118	stmt_first_use
src/compiler/sema/async_lower.cryo	4191	expr_first_use
src/compiler/sema/async_lower.cryo	4439	mark_last_use_expr
src/compiler/sema/async_lower.cryo	4619	top_level_assignment_index
src/compiler/sema/async_lower.cryo	5078	is_frame_name
src/compiler/sema/async_lower.cryo	5283	assigned_frame_addr_root
src/compiler/sema/async_lower.cryo	5342	strip_local_marker
src/compiler/sema/async_lower.cryo	6235	rc_lookup
src/compiler/sema/async_lower.cryo	6698	rb_lookup
src/compiler/sema/member_resolver.cryo	485	template_field
src/compiler/sema/method_binding.cryo	173	resolve_method_return_via_template
src/compiler/sema/method_binding.cryo	739	scan_param_bound_param_types
src/compiler/sema/method_binding.cryo	1012	projection_default_unavailable
src/compiler/sema/method_binding.cryo	1263	find_method_in_trait_impls
src/compiler/sema/method_binding.cryo	1282	find_generic_method_in
src/compiler/sema/method_binding.cryo	1297	find_generic_trait_default
src/compiler/sema/method_binding.cryo	2123	resolve_trait_impl_method_return
src/compiler/sema/sema.cryo	1554	check_destructure_shape
src/compiler/sema/symbolic_checker.cryo	293	symbolic_find_owner_method
src/compiler/types/checker.cryo	1054	check_field_access
src/compiler/types/resolver.cryo	1454	resolve_primitive
src/compiler/types/trait_checker.cryo	324	diagnose_method_bounds_failure
src/compiler/types/user_defined.cryo	247	field_index
src/compiler/types/user_defined.cryo	257	get_method
src/compiler/types/user_defined.cryo	385	field_index
src/compiler/types/user_defined.cryo	395	get_method
src/compiler/types/user_defined.cryo	529	get_method
