# The 56 `intern` calls whose argument is composed text (concatenation or fmt::format),
# as listed by composed_stmt.py over the facts, each classified by reading its parts:
#   minted         only literals and counters (or a file path)
#   written        source lexemes, C names, a declaration's written name
#   local-name     a local's name, in the async lowering
#   identity-text  a module's, definition's or template's path, or a binding's name
# site  kind  function  class  feeds-a-lookup  expression
AST/substituter.cryo:114	fmt	ASTTypeSubstituter.arg_label	minted	-	intern(fmt::format("unknown_%llu", arg.key()))
bindgen/importer.cryo:957	fmt	Importer.populate_record_fields	minted	-	intern(fmt::format("_anon%d", anon_n))
bindgen/importer.cryo:1007	fmt	Importer.populate_record_fields	minted	-	intern(fmt::format("_bitfield%d", bits_n))
bindgen/importer.cryo:1071	fmt	Importer.populate_union_fields	minted	-	intern(fmt::format("_anon%d", anon_n))
bindgen/importer.cryo:1116	cat	Importer.add_reinterpret_accessors	written	-	intern( "set_" + this.ctx.intern_table.resolve(mname))
bindgen/importer.cryo:1162	cat	Importer.emit_bitfield_accessors	written	-	intern( "set_" + this.ctx.intern_table.resolve(mname))
bindgen/importer.cryo:1889	fmt	Importer.emit_forwarding_wrapper	minted	-	intern(fmt::format("arg%lld", i))
bindgen/importer.cryo:2243	cat	run	written	-	intern( mod_name + "::" + ctx.intern_table.resolve(extern_node.namespace_alias))
bindgen/type_map.cryo:187	cat	CTypeMapper.qualify_under_alias	identity-text	-	intern(ns + "::" + bare)
codegen/Ops/symbol_resolver.cryo:309	fmt	global_cache_key_of	identity-text	codegen GlobalRegistry get/register	intern(fmt::format("%s::%s", intern.resolve(ns), intern.resolve(leaf)))
codegen/Visit/call_emitter.cryo:1029	fmt	CallEmitter.record_arg_temp_slot	minted	-	intern(fmt::format("__argtemp_%d", this.glue_seq))
codegen/Visit/call_emitter.cryo:1469	fmt	CallEmitter.emit_tuple_element_drops	minted	-	intern(fmt::format("%ld", i))
codegen/Visit/call_emitter.cryo:1638	fmt	CallEmitter.emit_enum_drop_glue	minted	-	intern( fmt::format("__glue_payload_%d", this.glue_seq))
compilation_context.cryo:549	cat	CompilationContext.qualify_symbol_sym	identity-text	-	intern(ns + "::" + bare)
compilation_context.cryo:580	cat	CompilationContext.qualify_symbol_sym_home	identity-text	-	intern(ns + "::" + bare)
compilation_context.cryo:766	cat	CompilationContext.qualify_binding_sym	identity-text	-	intern(ns + "::" + bare)
decl_index.cryo:1073	cat	DeclarationIndex.register_function_signature	identity-text	-	intern(intern.resolve(owner_path) + "::" + intern.resolve(leaf))
mono/call_specializer.cryo:2305	cat	MonoCallSpecializer.qualify_spec_name	identity-text	-	intern(prefix + spec_name)
mono/monomorphizer.cryo:914	cat	Monomorphizer.qualify_spec_name	identity-text	-	intern(prefix + spec_name)
parser/Parser.cryo:1512	cat	Parser.parse_destructor	written	-	intern("~" + name_tok.lexeme)
parser/Parser.cryo:2021	fmt	Parser.parse_import_form	written	-	intern(fmt::format("%s::%s", prev, next.lexeme))
parser/expr_parser.cryo:618	fmt	ExprParser.parse_postfix	written	-	intern( fmt::format("%s::%s", scope_part, member_part))
parser/expr_parser.cryo:655	fmt	ExprParser.parse_postfix	written	-	intern( fmt::format("%s::%s", scope_s, member_s))
parser/expr_parser.cryo:1331	fmt	ExprParser.parse_identifier_tail	written	-	intern( fmt::format("%s::%s", scope_s, member_s))
passes/drop_insertion.cryo:2738	fmt	DropInserter.emit_assign_drop	minted	-	intern( fmt::format("__assign_old%lld", this.assign_seq))
passes/drop_insertion.cryo:2798	fmt	DropInserter.emit_discarded_temp_drop	minted	-	intern( fmt::format("__drop_tmp%d", this.discard_seq))
passes/drop_insertion.cryo:2826	fmt	DropInserter.hoist_match_subject	minted	-	intern( fmt::format("__match_subj%d", this.discard_seq))
passes/type_resolution.cryo:1660	fmt	async_fut_assoc_name	written	-	intern(fmt::format("%sFut", out))
resolver/Resolver.cryo:858	cat	Resolver.qualified_name_of	identity-text	-	intern( this.intern_table.resolve(sym.source_module.as_sym()) + "::" + this.intern_table.resolve(sym.name))
resolver/name_resolution.cryo:585	cat	NameResolver.refuse_module_type_collisions	identity-text	module_named (a door)	intern(ns_str + "::" + name_str)
resolver/res.cryo:261	cat	DefTable.append	identity-text	-	intern(this.intern.resolve(this.paths[this.slot(parent)]) + "::" + shown)
sema/async_lower.cryo:627	fmt	AsyncLower.mint_bare	written	-	intern(fmt::format("%s$Future_%llu", base, idx))
sema/async_lower.cryo:1471	fmt	AsyncLower.match_arm_int	minted	-	intern(fmt::format("%llu", value))
sema/async_lower.cryo:1831	fmt	AsyncLower.hoist_giveaway	local-name	-	intern( fmt::format("%s$gv%lld", this.intern.resolve(name), this.subst_hoist_seq))
sema/async_lower.cryo:2963	fmt	AsyncLower.lower_carrier_sm	minted	-	intern(fmt::format("fut_%lld", k))
sema/async_lower.cryo:2986	fmt	AsyncLower.lower_carrier_sm	minted	-	intern(fmt::format("__subp_%lld", k))
sema/async_lower.cryo:3017	fmt	AsyncLower.lower_carrier_sm	minted	-	intern(fmt::format("__poll_%lld", k))
sema/async_lower.cryo:3041	fmt	AsyncLower.lower_carrier_sm	minted	-	intern(fmt::format("__done_%lld", k))
sema/async_lower.cryo:3047	fmt	AsyncLower.lower_carrier_sm	minted	-	intern(fmt::format("__await_%lld", k))
sema/async_lower.cryo:3256	fmt	AsyncLower.capture_arm_bindings	local-name	-	intern( fmt::format("__bind_%lld_%s", entry, this.intern.resolve(bname)))
sema/async_lower.cryo:3275	fmt	AsyncLower.capture_arm_bindings	local-name	-	intern( fmt::format("__bind_%lld_%s", entry, this.intern.resolve(bname)))
sema/async_lower.cryo:4577	fmt	AsyncLower.agg_ptr_name	local-name	-	intern(fmt::format("%s$p", this.intern.resolve(nm)))
sema/async_lower.cryo:5331	fmt	AsyncLower.promote_cross_state	local-name	-	intern( fmt::format("__agg_%lld_%s", ds, this.intern.resolve(nm)))
sema/async_lower.cryo:5449	fmt	AsyncLower.promote_cross_state	local-name	-	intern( fmt::format("__mut_%lld_%s", ds, this.intern.resolve(nm)))
sema/async_lower.cryo:5468	fmt	AsyncLower.promote_cross_state	local-name	-	intern( fmt::format("__cross_%lld_%s", ds, this.intern.resolve(nm)))
sema/async_lower.cryo:5505	fmt	AsyncLower.mint_temp	minted	-	intern(fmt::format("%s$H%llu", base, idx))
sema/async_lower.cryo:6109	fmt	AsyncLower.mint_local	local-name	-	intern(fmt::format("%s$L%llu", this.intern.resolve(orig), idx))
sema/async_lower.cryo:6177	fmt	AsyncLower.split_destructures	local-name	-	intern( fmt::format("%s$D", this.intern.resolve(b.local_name)))
sema/lambda_synth.cryo:296	fmt	LambdaSynth.mint_closure_def	minted	-	intern(fmt::format("__Closure_%lld", idx as i64))
sema/lambda_synth.cryo:299	fmt	LambdaSynth.mint_closure_def	minted	-	intern(fmt::format("%s::__Closure_%lld", this.ctx.source_file, idx as i64))
sema/sema.cryo:2858	fmt	SemaVisitor.build_try_desugar	minted	-	intern(fmt::format("__cryo_try_%u", this.state.try_counter))
sema/sema.cryo:2890	fmt	SemaVisitor.build_try_desugar	minted	-	intern(fmt::format("__cryo_try_err_%u", this.state.try_counter))
types/generic_registry.cryo:141	cat	TemplateEntry.spec_qualified_name	identity-text	-	intern(prefix + table.resolve(spec))
types/generic_registry.cryo:176	cat	TemplateEntry.spec_base_name	identity-text	-	intern(folded + "_" + name_str)
types/generic_registry.cryo:196	cat	TemplateEntry.spec_base_name	identity-text	-	intern(owner_leaf + "_" + name_str)
types/generic_registry.cryo:1392	cat	member_template_key	identity-text	template_in's map read	intern(table.resolve(owner) + "::" + table.resolve(member))
