REFUSED-WHEN-UNALLOWED	1	3	map	name	compiler::codegen::state::function_registry::FunctionRegistry.get	call	compiler::codegen::ops::declaration_emitter::DeclarationEmitter.codegen_function_prologue	compiler::codegen::ops::declaration_emitter::DeclarationEmitter.free_function_symbol	keyed by the linker symbol LLVM knows a function by, which is not a name in the program
REFUSED-WHEN-UNALLOWED	1	3	map	name	compiler::codegen::state::function_registry::FunctionRegistry.get	call	compiler::codegen::ops::declaration_emitter::DeclarationEmitter.codegen_method_prologue	compiler::codegen::ops::declaration_emitter::DeclarationEmitter.method_symbol	keyed by the linker symbol LLVM knows a function by, which is not a name in the program
REFUSED-WHEN-UNALLOWED	1	3	map	name	compiler::codegen::state::function_registry::FunctionRegistry.get	call	compiler::codegen::ops::declaration_emitter::DeclarationEmitter.codegen_naked_prologue	compiler::codegen::ops::declaration_emitter::DeclarationEmitter.free_function_symbol	keyed by the linker symbol LLVM knows a function by, which is not a name in the program
REFUSED-WHEN-UNALLOWED	1	3	map	name	compiler::codegen::state::function_registry::FunctionRegistry.get	call	compiler::codegen::ops::symbol_resolver::SymbolResolver.resolve_decl	compiler::decl_index::DeclarationIndex.entry_symbol	keyed by the linker symbol LLVM knows a function by, which is not a name in the program
REFUSED-WHEN-UNALLOWED	1	3	map	name	compiler::codegen::state::function_registry::FunctionRegistry.get	call	compiler::codegen::ops::symbol_resolver::SymbolResolver.resolve_family	compiler::codegen::ops::symbol_resolver::SymbolResolver.family_answer	keyed by the linker symbol LLVM knows a function by, which is not a name in the program
REFUSED-WHEN-UNALLOWED	1	3	map	name	compiler::decl_index::DeclarationIndex.extern_symbol_conflict	expr	compiler::passes::type_resolution::TypeResolutionPasses::run_function_signature	IfExpression	a duplicate-declaration check: two extern blocks declaring one C symbol are compared by it; a C symbol is the linker's name, not a name in the program
REFUSED-WHEN-UNALLOWED	1	3	map	name	compiler::decl_index::DeclarationIndex.note_extern_symbol	expr	compiler::passes::type_resolution::TypeResolutionPasses::run_function_signature	IfExpression	a duplicate-declaration check: two extern blocks declaring one C symbol are compared by it; a C symbol is the linker's name, not a name in the program
REFUSED-WHEN-UNALLOWED	4	3	map	name	compiler::resolver::resolver::Scope.find	element	compiler::resolver::name_resolution::NameResolver.stamp_trait_ref_identity	compiler::ast::TraitRef*.path<-param:tref	the rib's own storage, private to the resolver's module: the scope doors and the resolver's walks are its only callers
REFUSED-WHEN-UNALLOWED	4	3	map	name	compiler::resolver::resolver::Scope.find	expr	compiler::resolver::name_resolution::NameResolver.stamp_trait_ref_identity	BinaryExpression	the rib's own storage, private to the resolver's module: the scope doors and the resolver's walks are its only callers
REFUSED-WHEN-UNALLOWED	1	3	map	name	compiler::resolver::resolver::Scope.find	field	compiler::resolver::name_resolution::NameResolver.declare_generics	compiler::ast::declaration::GenericParamNode*.name	the rib's own storage, private to the resolver's module: the scope doors and the resolver's walks are its only callers
REFUSED-WHEN-UNALLOWED	1	3	map	name	compiler::resolver::resolver::Scope.find	field	compiler::resolver::name_resolution::NameResolver.refuse_unbound_name	compiler::ast::expression::IdentifierNode*.name	the rib's own storage, private to the resolver's module: the scope doors and the resolver's walks are its only callers
REFUSED-WHEN-UNALLOWED	3	3	map	name	compiler::resolver::resolver::Scope.find	field	compiler::resolver::name_resolution::NameResolver.stamp_impl_target_args	compiler::ast::NamedAnnotation*.name	the rib's own storage, private to the resolver's module: the scope doors and the resolver's walks are its only callers
REFUSED-WHEN-UNALLOWED	2	3	map	name	compiler::resolver::resolver::Scope.find	field	compiler::resolver::name_resolution::NameResolver.stamp_module_scope	compiler::ast::expression::ScopeResolutionNode*.scope_name	the rib's own storage, private to the resolver's module: the scope doors and the resolver's walks are its only callers
REFUSED-WHEN-UNALLOWED	4	3	map	name	compiler::resolver::resolver::Scope.find	field	compiler::resolver::name_resolution::NameResolver.stamp_named_annotation	compiler::ast::NamedAnnotation*.name	the rib's own storage, private to the resolver's module: the scope doors and the resolver's walks are its only callers
REFUSED-WHEN-UNALLOWED	1	3	map	name	compiler::resolver::resolver::Scope.find	field	compiler::resolver::name_resolution::NameResolver.stamp_trait_bounds	compiler::ast::TraitBound*.type_parameter	the rib's own storage, private to the resolver's module: the scope doors and the resolver's walks are its only callers
REFUSED-WHEN-UNALLOWED	4	3	map	name	compiler::resolver::resolver::Scope.find	field	compiler::resolver::name_resolution::NameResolver.visit	compiler::ast::declaration::ImplBlockNode*.target_type	the rib's own storage, private to the resolver's module: the scope doors and the resolver's walks are its only callers
REFUSED-WHEN-UNALLOWED	1	3	map	name	compiler::resolver::resolver::Scope.find	field	compiler::resolver::name_resolution::NameResolver.visit	compiler::ast::declaration::VarDeclNode*.name	the rib's own storage, private to the resolver's module: the scope doors and the resolver's walks are its only callers
REFUSED-WHEN-UNALLOWED	1	3	map	name	compiler::resolver::resolver::Scope.find	field	compiler::resolver::name_resolution::NameResolver.visit	compiler::ast::expression::IdentifierNode*.name	the rib's own storage, private to the resolver's module: the scope doors and the resolver's walks are its only callers
REFUSED-WHEN-UNALLOWED	10	3	map	name	compiler::resolver::resolver::Scope.find	field	compiler::resolver::name_resolution::NameResolver.visit	compiler::ast::expression::NewExprNode*.type_name	the rib's own storage, private to the resolver's module: the scope doors and the resolver's walks are its only callers
REFUSED-WHEN-UNALLOWED	1	3	map	name	compiler::resolver::resolver::Scope.find	field	compiler::resolver::name_resolution::NameResolver.visit	compiler::ast::expression::ScopeResolutionNode*.scope_name	the rib's own storage, private to the resolver's module: the scope doors and the resolver's walks are its only callers
REFUSED-WHEN-UNALLOWED	5	3	map	name	compiler::resolver::resolver::Scope.find	field	compiler::resolver::name_resolution::NameResolver.visit	compiler::ast::expression::StructLiteralNode*.struct_type	the rib's own storage, private to the resolver's module: the scope doors and the resolver's walks are its only callers
REFUSED-WHEN-UNALLOWED	4	3	map	name	compiler::resolver::resolver::Scope.find	field	compiler::resolver::name_resolution::NameResolver.visit	compiler::ast::pattern::EnumPatternNode*.enum_name	the rib's own storage, private to the resolver's module: the scope doors and the resolver's walks are its only callers
REFUSED-WHEN-UNALLOWED	1	3	map	name	compiler::resolver::resolver::Scope.find	field	compiler::resolver::name_resolution::NameResolver.visit	compiler::ast::pattern::PatternNode*.binding_name	the rib's own storage, private to the resolver's module: the scope doors and the resolver's walks are its only callers
REFUSED-WHEN-UNALLOWED	1	3	map	name	compiler::resolver::resolver::Scope.find	field	compiler::resolver::resolver::Resolver.declare_import	compiler::resolver::symbol::Symbol.name	the rib's own storage, private to the resolver's module: the scope doors and the resolver's walks are its only callers
REFUSED-WHEN-UNALLOWED	1	3	map	name	compiler::resolver::resolver::Scope.find	literal	compiler::resolver::name_resolution::NameDeclarationPass::record_entry_fn	"main"	the rib's own storage, private to the resolver's module: the scope doors and the resolver's walks are its only callers
REFUSED-WHEN-UNALLOWED	2	3	map	name	compiler::resolver::resolver::Scope.get_overloads	element	compiler::resolver::name_resolution::NameResolver.process_import	compiler::ast::declaration::ImportDeclNode*.specific_imports<-param:node	the rib's own storage, private to the resolver's module: the scope doors and the resolver's walks are its only callers
REFUSED-WHEN-UNALLOWED	3	3	map	name	compiler::resolver::resolver::Scope.get_overloads	element	compiler::resolver::name_resolution::NameResolver.stamp_trait_ref_identity	compiler::ast::TraitRef*.path<-param:tref	the rib's own storage, private to the resolver's module: the scope doors and the resolver's walks are its only callers
REFUSED-WHEN-UNALLOWED	3	3	map	name	compiler::resolver::resolver::Scope.get_overloads	expr	compiler::resolver::name_resolution::NameResolver.stamp_trait_ref_identity	BinaryExpression	the rib's own storage, private to the resolver's module: the scope doors and the resolver's walks are its only callers
REFUSED-WHEN-UNALLOWED	3	3	map	name	compiler::resolver::resolver::Scope.get_overloads	field	compiler::resolver::name_resolution::NameResolver.stamp_impl_target_args	compiler::ast::NamedAnnotation*.name	the rib's own storage, private to the resolver's module: the scope doors and the resolver's walks are its only callers
REFUSED-WHEN-UNALLOWED	1	3	map	name	compiler::resolver::resolver::Scope.get_overloads	field	compiler::resolver::name_resolution::NameResolver.stamp_module_scope	compiler::ast::expression::ScopeResolutionNode*.member_name	the rib's own storage, private to the resolver's module: the scope doors and the resolver's walks are its only callers
REFUSED-WHEN-UNALLOWED	1	3	map	name	compiler::resolver::resolver::Scope.get_overloads	field	compiler::resolver::name_resolution::NameResolver.stamp_module_scope	compiler::ast::expression::ScopeResolutionNode*.scope_name	the rib's own storage, private to the resolver's module: the scope doors and the resolver's walks are its only callers
REFUSED-WHEN-UNALLOWED	3	3	map	name	compiler::resolver::resolver::Scope.get_overloads	field	compiler::resolver::name_resolution::NameResolver.stamp_named_annotation	compiler::ast::NamedAnnotation*.name	the rib's own storage, private to the resolver's module: the scope doors and the resolver's walks are its only callers
REFUSED-WHEN-UNALLOWED	3	3	map	name	compiler::resolver::resolver::Scope.get_overloads	field	compiler::resolver::name_resolution::NameResolver.visit	compiler::ast::declaration::ImplBlockNode*.target_type	the rib's own storage, private to the resolver's module: the scope doors and the resolver's walks are its only callers
REFUSED-WHEN-UNALLOWED	9	3	map	name	compiler::resolver::resolver::Scope.get_overloads	field	compiler::resolver::name_resolution::NameResolver.visit	compiler::ast::expression::NewExprNode*.type_name	the rib's own storage, private to the resolver's module: the scope doors and the resolver's walks are its only callers
REFUSED-WHEN-UNALLOWED	3	3	map	name	compiler::resolver::resolver::Scope.get_overloads	field	compiler::resolver::name_resolution::NameResolver.visit	compiler::ast::expression::StructLiteralNode*.struct_type	the rib's own storage, private to the resolver's module: the scope doors and the resolver's walks are its only callers
REFUSED-WHEN-UNALLOWED	3	3	map	name	compiler::resolver::resolver::Scope.get_overloads	field	compiler::resolver::name_resolution::NameResolver.visit	compiler::ast::pattern::EnumPatternNode*.enum_name	the rib's own storage, private to the resolver's module: the scope doors and the resolver's walks are its only callers
REFUSED-WHEN-UNALLOWED	1	3	map	name	compiler::resolver::resolver::Scope.get_overloads	field	compiler::resolver::resolver::Resolver.declare_import	compiler::resolver::symbol::Symbol.name	the rib's own storage, private to the resolver's module: the scope doors and the resolver's walks are its only callers
REFUSED-WHEN-UNALLOWED	1	3	map	name	compiler::resolver::resolver::Scope.get_overloads	field	compiler::resolver::resolver::Resolver.import_target	&compiler::resolver::symbol::Symbol.name	the rib's own storage, private to the resolver's module: the scope doors and the resolver's walks are its only callers
REFUSED-WHEN-UNALLOWED	1	3	map	name	compiler::resolver::resolver::Scope.insert	call	compiler::resolver::resolver::Resolver.declare_module_symbol	compiler::resolver::decl_name::DeclName.spelling	the rib's own storage, private to the resolver's module: the scope doors and the resolver's walks are its only callers
REFUSED-WHEN-UNALLOWED	1	3	map	name	compiler::resolver::resolver::Scope.insert	field	compiler::resolver::resolver::Resolver.declare	compiler::resolver::symbol::Symbol.name	the rib's own storage, private to the resolver's module: the scope doors and the resolver's walks are its only callers
REFUSED-WHEN-UNALLOWED	1	3	map	name	compiler::resolver::resolver::Scope.insert_import	field	compiler::resolver::resolver::Resolver.declare_import	compiler::resolver::symbol::Symbol.name	the rib's own storage, private to the resolver's module: the scope doors and the resolver's walks are its only callers
UNSEEN	1	3	map	string	cli::Runner.print_command_help	element	cli::Runner.run	argv	
UNSEEN	1	3	map	string	cli::Runner.print_help	element	cli::Runner.print_help	cli::Runner.command_order<-param:this	
UNSEEN	1	3	map	string	compiler::deps::dep_resolver::DepResolver::resolve_git_dep	field	compiler::deps::dep_resolver::DepResolver::resolve_git_dep	compiler::deps::dep_resolver::DepKey.val	
UNSEEN	1	3	map	string	compiler::deps::dep_resolver::DepResolver::resolve_path_dep	field	compiler::deps::dep_resolver::DepResolver::resolve_path_dep	compiler::deps::dep_resolver::DepKey.val	
UNSEEN	1	3	map	string	compiler::diag::renderer::DiagRenderer.get_content	call	compiler::diag::renderer::DiagRenderer.get_content	utils::text::Text.as_string	
UNSEEN	1	3	map	string	compiler::diag::renderer::DiagRenderer.has_source	call	compiler::diag::renderer::DiagRenderer.has_source	utils::text::Text.as_string	
UNSEEN	1	3	map	string	compiler::diag::sink::DiagnosticSink.emit	call	compiler::diag::sink::DiagnosticSink.emit	std::fmt::format	
UNSEEN	5	3	map	string	compiler::module_loader::ModuleLoader.discover_module	call	compiler::module_loader::ModuleLoader.discover_module	string.to_ascii_lower	
UNSEEN	1	3	map	string	compiler::module_loader::ModuleLoader.resolve_import_path	element	compiler::module_loader::ModuleLoader.discover_module	compiler::module_loader::ModuleScanResult.export_items<-local:scan@0=call:compil	
UNSEEN	1	3	map	string	compiler::module_loader::ModuleLoader.resolve_import_path	element	compiler::module_loader::ModuleLoader.discover_module	compiler::module_loader::ModuleScanResult.export_paths<-local:scan@0=call:compil	
UNSEEN	1	3	map	string	compiler::module_loader::ModuleLoader.resolve_import_path	element	compiler::module_loader::ModuleLoader.discover_module	compiler::module_loader::ModuleScanResult.import_items<-local:scan@0=call:compil	
UNSEEN	1	3	map	string	compiler::module_loader::ModuleLoader.resolve_import_path	element	compiler::module_loader::ModuleLoader.discover_module	compiler::module_loader::ModuleScanResult.import_paths<-local:scan@0=call:compil	
UNSEEN	1	3	map	string	compiler::module_loader::ModuleLoader.resolve_import_path	element	compiler::module_loader::ModuleLoader.discover_module	compiler::module_loader::ModuleScanResult.submodule_paths<-local:scan@0=call:com	
UNSEEN	1	3	map	string	compiler::module_loader::ModuleLoader.resolve_import_path	field	compiler::passes::pass_registry::PassRegistry::run_import_resolution_pass	compiler::ast::declaration::ImportDeclNode*.module_path	
UNSEEN	2	3	match	string	cli::ArgumentParser::is_known_flag	field	cli::ParsedArgs.validate	std::collections::pair::Pair<string, cli::Argument>.first	
UNSEEN	3	3	match	string	cli::commands::Executor::resolve	element	cli::Runner.run	argv	
UNSEEN	1	3	match	string	cli::commands::FlagKind::resolve	call	cli::commands::FlagKind::resolve	cli::ArgumentParser::normalize_flag_name	
UNSEEN	1	3	match	string	compiler::intrinsic_kind::IntrinsicKind::from_name	field	compiler::passes::type_resolution::TypeResolutionPasses::register_decl_in_index	compiler::ast::declaration::FunctionDeclNode*.name	
UNSEEN	1	3	match	string	compiler::intrinsic_kind::IntrinsicKind::from_name	field	compiler::passes::type_resolution::TypeResolutionPasses::run_function_signature	compiler::ast::declaration::IntrinsicDeclNode*.name	
UNSEEN	1	3	match	string	compiler::lex::TokenType::from_keyword	call	compiler::lex::TokenType::from_keyword	utils::keyword::Keyword.as_string	
UNSEEN	1	3	match	string	compiler::passes::config_gating::HostOS::is_os_atom	call	compiler::passes::config_gating::HostOS::is_os_atom	utils::keyword::Keyword.as_string	
UNSEEN	1	3	match	string	compiler::passes::directive_processing::DirectiveProcessingPasses::apply_layout_effects_class	call	compiler::passes::directive_processing::DirectiveProcessingPasses::apply_layout_effects_class	utils::keyword::Keyword.as_string	
UNSEEN	1	3	match	string	compiler::passes::directive_processing::DirectiveProcessingPasses::apply_layout_effects_class	field	compiler::passes::directive_processing::DirectiveProcessingPasses::apply_layout_effects_class	compiler::ast::pattern::DirectiveArg.name	
UNSEEN	1	3	match	string	compiler::passes::directive_processing::DirectiveProcessingPasses::apply_layout_effects_enum	call	compiler::passes::directive_processing::DirectiveProcessingPasses::apply_layout_effects_enum	utils::keyword::Keyword.as_string	
UNSEEN	1	3	match	string	compiler::passes::directive_processing::DirectiveProcessingPasses::apply_layout_effects_struct	call	compiler::passes::directive_processing::DirectiveProcessingPasses::apply_layout_effects_struct	utils::keyword::Keyword.as_string	
UNSEEN	1	3	match	string	compiler::passes::directive_processing::DirectiveProcessingPasses::apply_layout_effects_struct	field	compiler::passes::directive_processing::DirectiveProcessingPasses::apply_layout_effects_struct	compiler::ast::pattern::DirectiveArg.name	
UNSEEN	1	3	match	string	compiler::passes::directive_processing::DirectiveProcessingPasses::apply_layout_effects_union	call	compiler::passes::directive_processing::DirectiveProcessingPasses::apply_layout_effects_union	utils::keyword::Keyword.as_string	
UNSEEN	1	3	match	string	compiler::passes::directive_processing::DirectiveProcessingPasses::apply_layout_effects_union	field	compiler::passes::directive_processing::DirectiveProcessingPasses::apply_layout_effects_union	compiler::ast::pattern::DirectiveArg.name	
UNSEEN	1	3	match	string	compiler::passes::directive_processing::DirectiveProcessingPasses::is_cfg_os_atom	call	compiler::passes::directive_processing::DirectiveProcessingPasses::is_cfg_os_atom	utils::keyword::Keyword.as_string	
UNSEEN	1	3	match	string	compiler::passes::directive_processing::DirectiveProcessingPasses::is_known_builtin	call	compiler::passes::directive_processing::DirectiveProcessingPasses::is_known_builtin	utils::keyword::Keyword.as_string	
UNSEEN	1	3	match	string	compiler::passes::directive_processing::DirectiveProcessingPasses::validate_builtin	call	compiler::passes::directive_processing::DirectiveProcessingPasses::validate_builtin	utils::keyword::Keyword.as_string	
UNSEEN	1	3	match	string	compiler::passes::directive_processing::DirectiveProcessingPasses::validate_builtin	field	compiler::passes::directive_processing::DirectiveProcessingPasses::validate_builtin	compiler::ast::pattern::DirectiveArg.name	
UNSEEN	13	3	match	string	compiler::project_config::ProjectConfig::parse	call	compiler::project_config::ProjectConfig::parse	string.trim	
UNSEEN	1	3	match	string	compiler::project_config::ProjectConfig::parse	literal	compiler::project_config::ProjectConfig::parse	""	
UNSEEN	1	3	match	string	compiler::project_config::ProjectConfig::parse	literal	compiler::project_config::ProjectConfig::parse	1	
UNSEEN	1	3	match	string	compiler::project_config::ProjectConfig::parse	literal	compiler::project_config::ProjectConfig::parse	2	
UNSEEN	1	3	match	string	compiler::project_config::ProjectConfig::parse_bool	call	compiler::project_config::ProjectConfig::parse_bool	utils::text::Text.as_string	
UNSEEN	1	3	match	string	compiler::project_config::ProjectConfig::parse_opt_level	call	compiler::project_config::ProjectConfig::parse_opt_level	utils::text::Text.as_string	
UNSEEN	1	3	match	string	compiler::resolver::demangler::Cursor::op_code_to_symbol	field	compiler::resolver::demangler::Demangler::demangle	compiler::resolver::demangler::ParsedPath.member	
UNSEEN	1	3	match	string	compiler::resolver::res::SourceLoc::of_spelling	field	compiler::resolver::name_resolution::NameResolver.visit	compiler::ast::expression::IdentifierNode*.name	
REFUSED-WHEN-UNALLOWED	1	3	scan	name	compiler::ast::declaration::TraitDeclNode.lookup_method	chain-lost	compiler::ast::declaration::TraitDeclNode.lookup_method	no recorded caller passes n	the editor's declaration finder asks a trait's method by the leaf under the cursor; the compiler asks the trait-method door, and the editor's migration is its own
REFUSED-WHEN-UNALLOWED	1	3	scan	name	compiler::ast::dumper::ASTDumper.visit	field	compiler::ast::dumper::ASTDumper.visit	compiler::ast::declaration::DestructureBinding.local_name	prints a binding as written: its field and its local are one node's two spellings, compared to print the shorthand `{x}` for `{x: x}`; nothing is looked up
REFUSED-WHEN-UNALLOWED	1	3	scan	name	compiler::ast::node_locator::NodeLocator::method_by_name	chain-lost	compiler::ast::node_locator::NodeLocator::method_by_name	no recorded caller passes name	the editor's declaration finder asks a type's method by the leaf under the cursor; the compiler asks the member-function door, and the editor's migration is its own
REFUSED-WHEN-UNALLOWED	1	3	scan	name	compiler::bindgen::importer::Importer.arith_operand	call	compiler::bindgen::importer::Importer.arith_operand	compiler::bindgen::clang::CXToken::spelling	the importer answering its own names: a C macro's operand among the macros this import bound; a C header's name is not a name in the program
REFUSED-WHEN-UNALLOWED	2	3	scan	name	compiler::bindgen::importer::Importer.arith_operand_int	call	compiler::bindgen::importer::Importer.arith_operand_int	compiler::bindgen::clang::CXToken::spelling	the importer answering its own names: a C macro's operand among the constants this import bound; a C header's name is not a name in the program
REFUSED-WHEN-UNALLOWED	1	3	scan	name	compiler::bindgen::importer::Importer.find_function	call	compiler::bindgen::importer::Importer.emit_macro_complex	compiler::bindgen::clang::CXToken::spelling	the importer answering its own names: a C function this import bound, by its C name; a C header's name is not a name in the program
REFUSED-WHEN-UNALLOWED	1	3	scan	name	compiler::bindgen::importer::Importer.find_struct	call	compiler::bindgen::importer::Importer.emit_record	compiler::bindgen::clang::CXCursor::intern_spelling	the importer answering its own names: a C struct this import emitted, by its C tag; a C header's name is not a name in the program
REFUSED-WHEN-UNALLOWED	1	3	scan	name	compiler::bindgen::importer::Importer.find_struct	call	compiler::bindgen::importer::Importer.try_emit_compound_struct	compiler::bindgen::clang::CXToken::spelling	the importer answering its own names: a C struct this import emitted, by its C tag; a C header's name is not a name in the program
REFUSED-WHEN-UNALLOWED	1	3	scan	name	compiler::bindgen::importer::Importer.is_bound_function	call	compiler::bindgen::importer::Importer.emit_macro_complex	compiler::bindgen::clang::CXToken::spelling	the importer answering its own names: whether this import bound a C function; a C header's name is not a name in the program
REFUSED-WHEN-UNALLOWED	1	3	scan	name	compiler::bindgen::importer::Importer.name_seen	call	compiler::bindgen::importer::Importer.add_anon_const_from	compiler::bindgen::clang::CXCursor::intern_spelling	a duplicate-declaration check: a C type already emitted by this import is not emitted twice; a C header's name is not a name in the program
REFUSED-WHEN-UNALLOWED	1	3	scan	name	compiler::bindgen::importer::Importer.name_seen	call	compiler::bindgen::importer::Importer.emit_enum	compiler::bindgen::clang::CXCursor::intern_spelling	a duplicate-declaration check: a C type already emitted by this import is not emitted twice; a C header's name is not a name in the program
REFUSED-WHEN-UNALLOWED	1	3	scan	name	compiler::bindgen::importer::Importer.name_seen	call	compiler::bindgen::importer::Importer.emit_global	compiler::bindgen::clang::CXCursor::intern_spelling	a duplicate-declaration check: a C type already emitted by this import is not emitted twice; a C header's name is not a name in the program
REFUSED-WHEN-UNALLOWED	1	3	scan	name	compiler::bindgen::importer::Importer.name_seen	call	compiler::bindgen::importer::Importer.emit_macro	compiler::bindgen::clang::CXCursor::intern_spelling	a duplicate-declaration check: a C type already emitted by this import is not emitted twice; a C header's name is not a name in the program
REFUSED-WHEN-UNALLOWED	1	3	scan	name	compiler::bindgen::importer::Importer.name_seen	call	compiler::bindgen::importer::Importer.emit_macro_complex	compiler::bindgen::clang::CXCursor::intern_spelling	a duplicate-declaration check: a C type already emitted by this import is not emitted twice; a C header's name is not a name in the program
REFUSED-WHEN-UNALLOWED	2	3	scan	name	compiler::bindgen::importer::Importer.name_seen	call	compiler::bindgen::importer::Importer.emit_record	compiler::bindgen::clang::CXCursor::intern_spelling	a duplicate-declaration check: a C type already emitted by this import is not emitted twice; a C header's name is not a name in the program
REFUSED-WHEN-UNALLOWED	1	3	scan	name	compiler::bindgen::importer::Importer.name_seen	call	compiler::bindgen::importer::Importer.emit_typedef	compiler::bindgen::clang::CXCursor::intern_spelling	a duplicate-declaration check: a C type already emitted by this import is not emitted twice; a C header's name is not a name in the program
REFUSED-WHEN-UNALLOWED	1	3	scan	name	compiler::bindgen::importer::Importer.name_seen	element	compiler::bindgen::importer::Importer.probe_macro_constants	compiler::bindgen::importer::Importer.probe_names<-param:this	a duplicate-declaration check: a C type already emitted by this import is not emitted twice; a C header's name is not a name in the program
REFUSED-WHEN-UNALLOWED	1	3	scan	name	compiler::bindgen::importer::Importer.name_seen	element	compiler::bindgen::importer::Importer::visit_probe	compiler::bindgen::importer::Importer*.probe_names<-local:imp@0=param:client	a duplicate-declaration check: a C type already emitted by this import is not emitted twice; a C header's name is not a name in the program
REFUSED-WHEN-UNALLOWED	1	3	scan	name	compiler::bindgen::importer::Importer.pin_record_refs	field	compiler::bindgen::importer::Importer.pin_record_refs	compiler::bindgen::importer::Importer.alias	the importer answering its own names: a C tag is pinned to the declaration this import emitted for it; a C header's name is not a name in the program
REFUSED-WHEN-UNALLOWED	1	3	scan	name	compiler::bindgen::importer::Importer.pin_record_refs	field	compiler::bindgen::importer::Importer.pin_record_refs	compiler::compilation_context::CRecordRef.tag	the importer answering its own names: a C tag is pinned to the declaration this import emitted for it; a C header's name is not a name in the program
REFUSED-WHEN-UNALLOWED	3	3	scan	name	compiler::bindgen::importer::Importer.try_emit_identifier_alias	call	compiler::bindgen::importer::Importer.emit_macro_complex	compiler::bindgen::clang::CXToken::spelling	the importer answering its own names: a C macro's target among the constants this import bound; a C header's name is not a name in the program
REFUSED-WHEN-UNALLOWED	1	3	scan	name	compiler::codegen::ops::declaration_emitter::DeclarationEmitter.collect_vtable_slots	field	compiler::codegen::ops::declaration_emitter::DeclarationEmitter.collect_vtable_slots	&compiler::types::user_defined::MethodInfo.name	a duplicate-declaration check: a virtual method declared again down the base chain with the same name and parameters is the slot it already has
REFUSED-WHEN-UNALLOWED	1	3	scan	name	compiler::codegen::ops::declaration_emitter::DeclarationEmitter.find_vtable_slot_impl	field	compiler::codegen::ops::declaration_emitter::DeclarationEmitter.codegen_vtable_for_class	compiler::codegen::util::VTableSlot.name	the overriding rule: a slot is filled by the class chain's method of the slot's name and parameter types, inside the class in hand - an override is decided by name and signature
REFUSED-WHEN-UNALLOWED	1	3	scan	name	compiler::codegen::ops::declaration_emitter::DeclarationEmitter.vtable_slot_index	field	compiler::codegen::visit::call_emitter::CallEmitter.emit	compiler::ast::declaration::FunctionDeclNode*.name	the overriding rule: a virtual call's slot is the class chain's slot of the method's name and parameter types, inside the class in hand - an override is decided by name and signature
UNSEEN	1	3	scan	name	compiler::codegen::ops::symbol_resolver::SymbolResolver.family_answer	call	compiler::codegen::ops::symbol_resolver::SymbolResolver.family_answer	compiler::decl_index::DeclarationIndex.entry_symbol	
UNSEEN	1	3	scan	name	compiler::codegen::ops::symbol_resolver::SymbolResolver.family_answer	call	compiler::codegen::ops::symbol_resolver::SymbolResolver.family_answer	compiler::resolver::symbol_str::SymbolStr::empty	
UNSEEN	1	3	scan	name	compiler::decl_index::DeclarationIndex.is_prelude_ns	element	compiler::resolver::name_resolution::NameResolver.refuse_unbound_type	mut owners@0=expr:ArrayLiteral	
UNSEEN	1	3	scan	name	compiler::decl_index::DeclarationIndex.register_prelude_namespaces	element	compiler::decl_index::DeclarationIndex.register_prelude_namespaces	prelude	
REFUSED-WHEN-UNALLOWED	1	3	scan	name	compiler::decl_index::DeclarationIndex.register_signature	expr	compiler::decl_index::DeclarationIndex.register_function_signature	IfExpression	a duplicate-declaration check: the same signature and linker symbol in one family is the same declaration registered again; the leaf only names the family, the member-function door's own key
REFUSED-WHEN-UNALLOWED	1	3	scan	name	compiler::decl_index::DeclarationIndex.register_signature	expr	compiler::decl_index::DeclarationIndex.register_methods_through	IfExpression	a duplicate-declaration check: the same signature and linker symbol in one family is the same declaration registered again; the leaf only names the family, the member-function door's own key
UNSEEN	2	3	scan	name	compiler::instance::CompilerInstance.run_project	call	compiler::instance::CompilerInstance.run_project	compiler::module_graph::ModuleInfo.path	
UNSEEN	1	3	scan	name	compiler::instance::CompilerInstance.run_project	element	compiler::instance::CompilerInstance.run_project	compiler::module_graph::ModuleInfo*.reexports<-local:src@3=element:field:compile	
UNSEEN	1	3	scan	name	compiler::module_graph::ModuleGraph.imports	element	compiler::resolver::name_resolution::NameResolver.refuse_unbound_type	mut owners@0=expr:ArrayLiteral	
UNSEEN	3	3	scan	name	compiler::module_graph::ModuleGraph.reexport_closure	call	compiler::resolver::name_resolution::NameResolver.process_import	compiler::module_graph::ModuleGraph.module_of_written_path	
UNSEEN	1	3	scan	name	compiler::module_graph::ModuleGraph.reexport_closure	call	compiler::resolver::name_resolution::NameResolver.reaching_import_for	compiler::module_graph::ModuleInfo.path	
UNSEEN	1	3	scan	name	compiler::module_graph::ModuleGraph.reexport_closure	element	compiler::module_graph::ModuleGraph.reexport_closure	compiler::module_graph::ModuleInfo*.reexports<-local:vinfo@1=call:compiler::modu	
UNSEEN	1	3	scan	name	compiler::module_graph::ModuleGraph.reexport_closure	field	compiler::resolver::name_resolution::NameResolver.stamp_module_scope	compiler::module_graph::ModuleSpellingMatch.found	
UNSEEN	1	3	scan	name	compiler::module_graph::ModuleGraph.reexport_closure	field	compiler::resolver::name_resolution::NameResolver.walk_module_rooted_type	compiler::module_graph::ModuleSpellingMatch.found	
REFUSED-WHEN-UNALLOWED	1	3	scan	name	compiler::module_graph::ModuleGraph.source_file_of	field	compiler::module_graph::ModuleGraph.source_file_of	compiler::module_graph::ModulePath.sym	identity to identity: a module's path is its identity, and the row answered is the module whose identity it is
REFUSED-WHEN-UNALLOWED	1	3	scan	name	compiler::parser::parser::Parser::declares_generic_param	field	compiler::parser::parser::Parser::declares_generic_param	compiler::ast::declaration::GenericParamNode*.name	a duplicate-declaration check: a parameter written in both of an impl's lists is declared once
UNSEEN	1	3	scan	name	compiler::passes::ast_validation::ASTValidator.check_duplicate_fields	field	compiler::passes::ast_validation::ASTValidator.check_duplicate_fields	compiler::ast::declaration::FieldDeclNode*.name	
UNSEEN	1	3	scan	name	compiler::passes::type_resolution::TypeResolutionPasses::run_function_signature	field	compiler::passes::type_resolution::TypeResolutionPasses::run_function_signature	compiler::ast::declaration::FunctionDeclNode*.name	
UNSEEN	1	3	scan	name	compiler::resolver::name_resolution::NameResolver.reaching_import_for	element	compiler::resolver::name_resolution::NameResolver.refuse_unbound_type	mut owners@0=expr:ArrayLiteral	
REFUSED-WHEN-UNALLOWED	1	3	scan	name	compiler::resolver::name_resolution::NameResolver::repeats_binding	field	compiler::resolver::name_resolution::NameResolver::repeats_binding	compiler::ast::declaration::DestructureBinding.local_name	a duplicate-declaration check: two locals of one destructuring declared under one name
REFUSED-WHEN-UNALLOWED	1	3	scan	name	compiler::resolver::name_resolution::NameResolver::repeats_parameter	field	compiler::resolver::name_resolution::NameResolver::repeats_parameter	compiler::ast::declaration::VarDeclNode*.name	a duplicate-declaration check: two parameters of one function declared under one name
UNSEEN	2	3	scan	name	compiler::resolver::resolver::Resolver.get_exports	call	compiler::resolver::name_resolution::NameResolver.process_import	compiler::module_graph::ModuleGraph.module_of_written_path	
UNSEEN	1	3	scan	name	compiler::resolver::resolver::Resolver.get_exports	call	compiler::resolver::name_resolution::NameResolver.process_import	compiler::module_graph::ModuleInfo.path	
UNSEEN	1	3	scan	name	compiler::resolver::resolver::Resolver.get_exports	element	compiler::resolver::name_resolution::NameResolver.offered_leaves	rx_all@0=call:compiler::module_graph::ModuleGraph.reexport_closure(&this, compil	
UNSEEN	1	3	scan	name	compiler::resolver::resolver::Resolver.get_exports	element	compiler::resolver::name_resolution::NameResolver.process_import	rx_all@0=call:compiler::module_graph::ModuleGraph.reexport_closure(&this, compil	
UNSEEN	1	3	scan	name	compiler::resolver::resolver::Resolver.get_exports	element	compiler::resolver::name_resolution::NameResolver.visible_type_names	compiler::resolver::resolver::Resolver*.prelude_modules<-field:compiler::resolve	
REFUSED-WHEN-UNALLOWED	1	3	scan	name	compiler::resolver::resolver::Scope.clear_ambiguity	call	compiler::resolver::resolver::Resolver.declare_module_symbol	compiler::resolver::decl_name::DeclName.spelling	the rib's own storage, private to the resolver's module: the scope doors and the resolver's walks are its only callers
REFUSED-WHEN-UNALLOWED	1	3	scan	name	compiler::resolver::resolver::Scope.clear_ambiguity	field	compiler::resolver::resolver::Resolver.declare	compiler::resolver::symbol::Symbol.name	the rib's own storage, private to the resolver's module: the scope doors and the resolver's walks are its only callers
REFUSED-WHEN-UNALLOWED	2	3	scan	name	compiler::resolver::resolver::Scope.get_ambiguous_modules	element	compiler::resolver::name_resolution::NameResolver.stamp_trait_ref_identity	compiler::ast::TraitRef*.path<-param:tref	the rib's own storage, private to the resolver's module: the scope doors and the resolver's walks are its only callers
REFUSED-WHEN-UNALLOWED	2	3	scan	name	compiler::resolver::resolver::Scope.get_ambiguous_modules	expr	compiler::resolver::name_resolution::NameResolver.stamp_trait_ref_identity	BinaryExpression	the rib's own storage, private to the resolver's module: the scope doors and the resolver's walks are its only callers
REFUSED-WHEN-UNALLOWED	2	3	scan	name	compiler::resolver::resolver::Scope.get_ambiguous_modules	field	compiler::resolver::name_resolution::NameResolver.stamp_impl_target_args	compiler::ast::NamedAnnotation*.name	the rib's own storage, private to the resolver's module: the scope doors and the resolver's walks are its only callers
REFUSED-WHEN-UNALLOWED	2	3	scan	name	compiler::resolver::resolver::Scope.get_ambiguous_modules	field	compiler::resolver::name_resolution::NameResolver.stamp_named_annotation	compiler::ast::NamedAnnotation*.name	the rib's own storage, private to the resolver's module: the scope doors and the resolver's walks are its only callers
REFUSED-WHEN-UNALLOWED	2	3	scan	name	compiler::resolver::resolver::Scope.get_ambiguous_modules	field	compiler::resolver::name_resolution::NameResolver.visit	compiler::ast::declaration::ImplBlockNode*.target_type	the rib's own storage, private to the resolver's module: the scope doors and the resolver's walks are its only callers
REFUSED-WHEN-UNALLOWED	1	3	scan	name	compiler::resolver::resolver::Scope.get_ambiguous_modules	field	compiler::resolver::name_resolution::NameResolver.visit	compiler::ast::expression::IdentifierNode*.name	the rib's own storage, private to the resolver's module: the scope doors and the resolver's walks are its only callers
REFUSED-WHEN-UNALLOWED	6	3	scan	name	compiler::resolver::resolver::Scope.get_ambiguous_modules	field	compiler::resolver::name_resolution::NameResolver.visit	compiler::ast::expression::NewExprNode*.type_name	the rib's own storage, private to the resolver's module: the scope doors and the resolver's walks are its only callers
REFUSED-WHEN-UNALLOWED	2	3	scan	name	compiler::resolver::resolver::Scope.get_ambiguous_modules	field	compiler::resolver::name_resolution::NameResolver.visit	compiler::ast::expression::StructLiteralNode*.struct_type	the rib's own storage, private to the resolver's module: the scope doors and the resolver's walks are its only callers
REFUSED-WHEN-UNALLOWED	2	3	scan	name	compiler::resolver::resolver::Scope.get_ambiguous_modules	field	compiler::resolver::name_resolution::NameResolver.visit	compiler::ast::pattern::EnumPatternNode*.enum_name	the rib's own storage, private to the resolver's module: the scope doors and the resolver's walks are its only callers
REFUSED-WHEN-UNALLOWED	2	3	scan	name	compiler::resolver::resolver::Scope.get_overloads	element	compiler::resolver::name_resolution::NameResolver.process_import	compiler::ast::declaration::ImportDeclNode*.specific_imports<-param:node	the rib's own storage, private to the resolver's module: the scope doors and the resolver's walks are its only callers
REFUSED-WHEN-UNALLOWED	3	3	scan	name	compiler::resolver::resolver::Scope.get_overloads	element	compiler::resolver::name_resolution::NameResolver.stamp_trait_ref_identity	compiler::ast::TraitRef*.path<-param:tref	the rib's own storage, private to the resolver's module: the scope doors and the resolver's walks are its only callers
REFUSED-WHEN-UNALLOWED	3	3	scan	name	compiler::resolver::resolver::Scope.get_overloads	expr	compiler::resolver::name_resolution::NameResolver.stamp_trait_ref_identity	BinaryExpression	the rib's own storage, private to the resolver's module: the scope doors and the resolver's walks are its only callers
REFUSED-WHEN-UNALLOWED	3	3	scan	name	compiler::resolver::resolver::Scope.get_overloads	field	compiler::resolver::name_resolution::NameResolver.stamp_impl_target_args	compiler::ast::NamedAnnotation*.name	the rib's own storage, private to the resolver's module: the scope doors and the resolver's walks are its only callers
REFUSED-WHEN-UNALLOWED	1	3	scan	name	compiler::resolver::resolver::Scope.get_overloads	field	compiler::resolver::name_resolution::NameResolver.stamp_module_scope	compiler::ast::expression::ScopeResolutionNode*.member_name	the rib's own storage, private to the resolver's module: the scope doors and the resolver's walks are its only callers
REFUSED-WHEN-UNALLOWED	1	3	scan	name	compiler::resolver::resolver::Scope.get_overloads	field	compiler::resolver::name_resolution::NameResolver.stamp_module_scope	compiler::ast::expression::ScopeResolutionNode*.scope_name	the rib's own storage, private to the resolver's module: the scope doors and the resolver's walks are its only callers
REFUSED-WHEN-UNALLOWED	3	3	scan	name	compiler::resolver::resolver::Scope.get_overloads	field	compiler::resolver::name_resolution::NameResolver.stamp_named_annotation	compiler::ast::NamedAnnotation*.name	the rib's own storage, private to the resolver's module: the scope doors and the resolver's walks are its only callers
REFUSED-WHEN-UNALLOWED	3	3	scan	name	compiler::resolver::resolver::Scope.get_overloads	field	compiler::resolver::name_resolution::NameResolver.visit	compiler::ast::declaration::ImplBlockNode*.target_type	the rib's own storage, private to the resolver's module: the scope doors and the resolver's walks are its only callers
REFUSED-WHEN-UNALLOWED	9	3	scan	name	compiler::resolver::resolver::Scope.get_overloads	field	compiler::resolver::name_resolution::NameResolver.visit	compiler::ast::expression::NewExprNode*.type_name	the rib's own storage, private to the resolver's module: the scope doors and the resolver's walks are its only callers
REFUSED-WHEN-UNALLOWED	3	3	scan	name	compiler::resolver::resolver::Scope.get_overloads	field	compiler::resolver::name_resolution::NameResolver.visit	compiler::ast::expression::StructLiteralNode*.struct_type	the rib's own storage, private to the resolver's module: the scope doors and the resolver's walks are its only callers
REFUSED-WHEN-UNALLOWED	3	3	scan	name	compiler::resolver::resolver::Scope.get_overloads	field	compiler::resolver::name_resolution::NameResolver.visit	compiler::ast::pattern::EnumPatternNode*.enum_name	the rib's own storage, private to the resolver's module: the scope doors and the resolver's walks are its only callers
REFUSED-WHEN-UNALLOWED	1	3	scan	name	compiler::resolver::resolver::Scope.get_overloads	field	compiler::resolver::resolver::Resolver.declare_import	compiler::resolver::symbol::Symbol.name	the rib's own storage, private to the resolver's module: the scope doors and the resolver's walks are its only callers
REFUSED-WHEN-UNALLOWED	1	3	scan	name	compiler::resolver::resolver::Scope.get_overloads	field	compiler::resolver::resolver::Resolver.import_target	&compiler::resolver::symbol::Symbol.name	the rib's own storage, private to the resolver's module: the scope doors and the resolver's walks are its only callers
REFUSED-WHEN-UNALLOWED	1	3	scan	name	compiler::resolver::resolver::Scope.is_ambiguous	field	compiler::resolver::name_resolution::NameResolver.visit	compiler::ast::expression::IdentifierNode*.name	the rib's own storage, private to the resolver's module: the scope doors and the resolver's walks are its only callers
REFUSED-WHEN-UNALLOWED	1	3	scan	name	compiler::sema::sema::SemaVisitor.check_destructure_shape	element	compiler::sema::sema::SemaVisitor.check_destructure_shape	names	a destructure's bindings are written as field spellings, matched against the fields the type declares where the destructure is written
REFUSED-WHEN-UNALLOWED	2	3	scan	name	compiler::sema::sema::SemaVisitor.check_destructure_shape	field	compiler::sema::sema::SemaVisitor.check_destructure_shape	compiler::ast::declaration::DestructureBinding.source_field	a destructure's bindings are written as field spellings, matched against the fields the type declares where the destructure is written
REFUSED-WHEN-UNALLOWED	1	3	scan	name	compiler::types::generic_registry::GenericRegistry.finalize_disambiguation	field	compiler::types::generic_registry::GenericRegistry.finalize_disambiguation	compiler::types::generic_registry::TemplateEntry.declared_in	a duplicate-declaration check: two free-function templates declared under one leaf in different modules would mangle to one symbol
REFUSED-WHEN-UNALLOWED	1	3	scan	name	compiler::types::generic_registry::GenericRegistry.finalize_disambiguation	field	compiler::types::generic_registry::GenericRegistry.finalize_disambiguation	compiler::types::generic_registry::TemplateEntry.name	a duplicate-declaration check: two free-function templates declared under one leaf in different modules would mangle to one symbol
UNSEEN	1	3	scan	string	cli::ParsedArgs.get_value	literal	cli::commands::Executor::apply_profile_flags	"emit"	
UNSEEN	1	3	scan	string	cli::ParsedArgs.get_value	literal	cli::commands::Executor::apply_profile_flags	"profile"	
UNSEEN	1	3	scan	string	cli::ParsedArgs.get_value	literal	cli::commands::Executor::cmd_build	"build-dir"	
UNSEEN	1	3	scan	string	cli::ParsedArgs.get_value	literal	cli::commands::Executor::cmd_build	"codegen-threads"	
UNSEEN	1	3	scan	string	cli::ParsedArgs.get_value	literal	cli::commands::Executor::cmd_build	"opt-level"	
UNSEEN	1	3	scan	string	cli::ParsedArgs.get_value	literal	cli::commands::Executor::cmd_build	"panic"	
UNSEEN	1	3	scan	string	cli::ParsedArgs.get_value	literal	cli::commands::Executor::cmd_build	"stdlib"	
UNSEEN	1	3	scan	string	cli::ParsedArgs.get_value	literal	cli::commands::Executor::cmd_build	"target"	
UNSEEN	1	3	scan	string	cli::ParsedArgs.get_value	literal	cli::commands::Executor::cmd_check	"stdlib"	
UNSEEN	1	3	scan	string	cli::ParsedArgs.get_value	literal	cli::commands::Executor::cmd_check	"target"	
UNSEEN	1	3	scan	string	cli::ParsedArgs.get_value	literal	cli::commands::Executor::cmd_run	"build-dir"	
UNSEEN	1	3	scan	string	cli::ParsedArgs.get_value	literal	cli::commands::Executor::cmd_run	"stdlib"	
UNSEEN	1	3	scan	string	cli::ParsedArgs.get_value	literal	cli::commands::Executor::cmd_run	"target"	
UNSEEN	1	3	scan	string	cli::ParsedArgs.get_value	literal	cli::commands::Executor::cmd_test	"build-dir"	
UNSEEN	1	3	scan	string	cli::ParsedArgs.get_value	literal	cli::commands::Executor::cmd_test	"color"	
UNSEEN	1	3	scan	string	cli::ParsedArgs.get_value	literal	cli::commands::Executor::cmd_test	"format"	
UNSEEN	2	3	scan	string	cli::ParsedArgs.get_value	literal	cli::commands::Executor::cmd_test	"jobs"	
UNSEEN	1	3	scan	string	cli::ParsedArgs.get_value	literal	cli::commands::Executor::cmd_test	"stdlib"	
UNSEEN	1	3	scan	string	cli::ParsedArgs.get_value	literal	cli::commands::Executor::cmd_test	"target"	
UNSEEN	1	3	scan	string	cli::ParsedArgs.get_value	literal	cli::commands::Executor::cmd_test	"timeout"	
UNSEEN	1	3	scan	string	cli::ParsedArgs.get_value	literal	cli::commands::Executor::compile_file	"codegen-threads"	
UNSEEN	1	3	scan	string	cli::ParsedArgs.get_value	literal	cli::commands::Executor::compile_file	"o"	
UNSEEN	1	3	scan	string	cli::ParsedArgs.get_value	literal	cli::commands::Executor::compile_file	"opt-level"	
UNSEEN	1	3	scan	string	cli::ParsedArgs.get_value	literal	cli::commands::Executor::compile_file	"output"	
UNSEEN	1	3	scan	string	cli::ParsedArgs.get_value	literal	cli::commands::Executor::compile_file	"panic"	
UNSEEN	1	3	scan	string	cli::ParsedArgs.get_value	literal	cli::commands::Executor::compile_file	"stdlib"	
UNSEEN	1	3	scan	string	cli::ParsedArgs.get_value	literal	cli::commands::Executor::compile_file	"target"	
UNSEEN	1	3	scan	string	cli::ParsedArgs.get_value	literal	cli::commands::Executor::vendor_register	"target"	
UNSEEN	1	3	scan	string	cli::ParsedArgs.has_arg	literal	cli::commands::Executor::apply_profile_flags	"emit"	
UNSEEN	1	3	scan	string	cli::ParsedArgs.has_arg	literal	cli::commands::Executor::apply_profile_flags	"profile"	
UNSEEN	1	3	scan	string	cli::ParsedArgs.has_arg	literal	cli::commands::Executor::cmd_build	"build-dir"	
UNSEEN	1	3	scan	string	cli::ParsedArgs.has_arg	literal	cli::commands::Executor::cmd_build	"codegen-threads"	
UNSEEN	1	3	scan	string	cli::ParsedArgs.has_arg	literal	cli::commands::Executor::cmd_build	"opt-level"	
UNSEEN	1	3	scan	string	cli::ParsedArgs.has_arg	literal	cli::commands::Executor::cmd_build	"panic"	
UNSEEN	1	3	scan	string	cli::ParsedArgs.has_arg	literal	cli::commands::Executor::cmd_build	"stdlib"	
UNSEEN	1	3	scan	string	cli::ParsedArgs.has_arg	literal	cli::commands::Executor::cmd_build	"target"	
UNSEEN	1	3	scan	string	cli::ParsedArgs.has_arg	literal	cli::commands::Executor::cmd_check	"stdlib"	
UNSEEN	1	3	scan	string	cli::ParsedArgs.has_arg	literal	cli::commands::Executor::cmd_check	"target"	
UNSEEN	1	3	scan	string	cli::ParsedArgs.has_arg	literal	cli::commands::Executor::cmd_run	"build-dir"	
UNSEEN	1	3	scan	string	cli::ParsedArgs.has_arg	literal	cli::commands::Executor::cmd_run	"stdlib"	
UNSEEN	1	3	scan	string	cli::ParsedArgs.has_arg	literal	cli::commands::Executor::cmd_run	"target"	
UNSEEN	1	3	scan	string	cli::ParsedArgs.has_arg	literal	cli::commands::Executor::cmd_test	"build-dir"	
UNSEEN	1	3	scan	string	cli::ParsedArgs.has_arg	literal	cli::commands::Executor::cmd_test	"color"	
UNSEEN	1	3	scan	string	cli::ParsedArgs.has_arg	literal	cli::commands::Executor::cmd_test	"format"	
UNSEEN	2	3	scan	string	cli::ParsedArgs.has_arg	literal	cli::commands::Executor::cmd_test	"jobs"	
UNSEEN	1	3	scan	string	cli::ParsedArgs.has_arg	literal	cli::commands::Executor::cmd_test	"stdlib"	
UNSEEN	1	3	scan	string	cli::ParsedArgs.has_arg	literal	cli::commands::Executor::cmd_test	"target"	
UNSEEN	1	3	scan	string	cli::ParsedArgs.has_arg	literal	cli::commands::Executor::cmd_test	"timeout"	
UNSEEN	1	3	scan	string	cli::ParsedArgs.has_arg	literal	cli::commands::Executor::compile_file	"codegen-threads"	
UNSEEN	1	3	scan	string	cli::ParsedArgs.has_arg	literal	cli::commands::Executor::compile_file	"o"	
UNSEEN	1	3	scan	string	cli::ParsedArgs.has_arg	literal	cli::commands::Executor::compile_file	"opt-level"	
UNSEEN	1	3	scan	string	cli::ParsedArgs.has_arg	literal	cli::commands::Executor::compile_file	"output"	
UNSEEN	1	3	scan	string	cli::ParsedArgs.has_arg	literal	cli::commands::Executor::compile_file	"panic"	
UNSEEN	1	3	scan	string	cli::ParsedArgs.has_arg	literal	cli::commands::Executor::compile_file	"stdlib"	
UNSEEN	1	3	scan	string	cli::ParsedArgs.has_arg	literal	cli::commands::Executor::compile_file	"target"	
UNSEEN	1	3	scan	string	cli::ParsedArgs.has_arg	literal	cli::commands::Executor::vendor_register	"target"	
UNSEEN	1	3	scan	string	cli::ParsedArgs.has_flag	literal	cli::commands::Executor::apply_profile_flags	"dev"	
UNSEEN	1	3	scan	string	cli::ParsedArgs.has_flag	literal	cli::commands::Executor::apply_profile_flags	"locked"	
UNSEEN	1	3	scan	string	cli::ParsedArgs.has_flag	literal	cli::commands::Executor::apply_profile_flags	"no-incremental"	
UNSEEN	1	3	scan	string	cli::ParsedArgs.has_flag	literal	cli::commands::Executor::apply_profile_flags	"release"	
UNSEEN	1	3	scan	string	cli::ParsedArgs.has_flag	literal	cli::commands::Executor::apply_profile_flags	"release-static"	
UNSEEN	1	3	scan	string	cli::ParsedArgs.has_flag	literal	cli::commands::Executor::cmd_build	"ast"	
UNSEEN	2	3	scan	string	cli::ParsedArgs.has_flag	literal	cli::commands::Executor::cmd_build	"debug"	
UNSEEN	1	3	scan	string	cli::ParsedArgs.has_flag	literal	cli::commands::Executor::cmd_build	"debug-info"	
UNSEEN	1	3	scan	string	cli::ParsedArgs.has_flag	literal	cli::commands::Executor::cmd_build	"emit-llvm"	
UNSEEN	1	3	scan	string	cli::ParsedArgs.has_flag	literal	cli::commands::Executor::cmd_build	"g"	
UNSEEN	1	3	scan	string	cli::ParsedArgs.has_flag	literal	cli::commands::Executor::cmd_build	"no-runtime"	
UNSEEN	1	3	scan	string	cli::ParsedArgs.has_flag	literal	cli::commands::Executor::cmd_build	"no-std"	
UNSEEN	1	3	scan	string	cli::ParsedArgs.has_flag	literal	cli::commands::Executor::cmd_check	"ast"	
UNSEEN	2	3	scan	string	cli::ParsedArgs.has_flag	literal	cli::commands::Executor::cmd_check	"debug"	
UNSEEN	1	3	scan	string	cli::ParsedArgs.has_flag	literal	cli::commands::Executor::cmd_raw	"ast"	
UNSEEN	2	3	scan	string	cli::ParsedArgs.has_flag	literal	cli::commands::Executor::cmd_raw	"debug"	
UNSEEN	1	3	scan	string	cli::ParsedArgs.has_flag	literal	cli::commands::Executor::cmd_run	"ast"	
UNSEEN	2	3	scan	string	cli::ParsedArgs.has_flag	literal	cli::commands::Executor::cmd_run	"debug"	
UNSEEN	1	3	scan	string	cli::ParsedArgs.has_flag	literal	cli::commands::Executor::cmd_run	"emit-llvm"	
UNSEEN	2	3	scan	string	cli::ParsedArgs.has_flag	literal	cli::commands::Executor::cmd_test	"debug"	
UNSEEN	1	3	scan	string	cli::ParsedArgs.has_flag	literal	cli::commands::Executor::cmd_test	"exact"	
UNSEEN	1	3	scan	string	cli::ParsedArgs.has_flag	literal	cli::commands::Executor::cmd_test	"ignored"	
UNSEEN	3	3	scan	string	cli::ParsedArgs.has_flag	literal	cli::commands::Executor::cmd_test	"list"	
UNSEEN	1	3	scan	string	cli::ParsedArgs.has_flag	literal	cli::commands::Executor::cmd_test	"nocapture"	
UNSEEN	1	3	scan	string	cli::ParsedArgs.has_flag	literal	cli::commands::Executor::cmd_test	"q"	
UNSEEN	1	3	scan	string	cli::ParsedArgs.has_flag	literal	cli::commands::Executor::cmd_test	"quiet"	
UNSEEN	1	3	scan	string	cli::ParsedArgs.has_flag	literal	cli::commands::Executor::cmd_test	"show-output"	
UNSEEN	1	3	scan	string	cli::ParsedArgs.has_flag	literal	cli::commands::Executor::cmd_vendor	"debug"	
UNSEEN	1	3	scan	string	cli::ParsedArgs.has_flag	literal	cli::commands::Executor::compile_file	"ast"	
UNSEEN	2	3	scan	string	cli::ParsedArgs.has_flag	literal	cli::commands::Executor::compile_file	"debug"	
UNSEEN	1	3	scan	string	cli::ParsedArgs.has_flag	literal	cli::commands::Executor::compile_file	"debug-info"	
UNSEEN	1	3	scan	string	cli::ParsedArgs.has_flag	literal	cli::commands::Executor::compile_file	"emit-llvm"	
UNSEEN	1	3	scan	string	cli::ParsedArgs.has_flag	literal	cli::commands::Executor::compile_file	"g"	
UNSEEN	1	3	scan	string	cli::ParsedArgs.has_flag	literal	cli::commands::Executor::compile_file	"no-runtime"	
UNSEEN	1	3	scan	string	cli::ParsedArgs.has_flag	literal	cli::commands::Executor::compile_file	"no-std"	
UNSEEN	1	3	scan	string	cli::ParsedArgs.has_flag	literal	cli::commands::Executor::execute	"triple"	
UNSEEN	1	3	scan	string	cli::ParsedArgs.has_flag	literal	cli::commands::Executor::run_dep_resolve	"debug"	
UNSEEN	2	3	scan	string	cli::ParsedArgs.set_arg	call	cli::ArgumentParser::parse	cli::ArgumentParser::normalize_flag_name	
UNSEEN	1	3	scan	string	cli::ParsedArgs.set_define	expr	cli::ArgumentParser::parse	BinaryExpression	
UNSEEN	1	3	scan	string	cli::ParsedArgs.set_flag	call	cli::ArgumentParser::parse	cli::ArgumentParser::normalize_flag_name	
UNSEEN	1	3	scan	string	cli::ParsedArgs.validate	literal	cli::ParsedArgs.validate	""	
UNSEEN	1	3	scan	string	cli::ParsedArgs.validate	literal	cli::ParsedArgs.validate	"emit"	
UNSEEN	1	3	scan	string	cli::ParsedArgs.validate	literal	cli::ParsedArgs.validate	"facts"	
UNSEEN	1	3	scan	string	cli::ParsedArgs.validate	literal	cli::ParsedArgs.validate	"o"	
UNSEEN	1	3	scan	string	cli::ParsedArgs.validate	literal	cli::ParsedArgs.validate	"output"	
UNSEEN	1	3	scan	string	cli::ParsedArgs.validate	literal	cli::ParsedArgs.validate	"target"	
UNSEEN	1	3	scan	string	cli::Runner.run	literal	cli::Runner.run	"--debug"	
UNSEEN	1	3	scan	string	cli::Runner.run	literal	cli::Runner.run	"--help"	
UNSEEN	1	3	scan	string	cli::Runner.run	literal	cli::Runner.run	"-h"	
UNSEEN	2	3	scan	string	cli::commands::Executor::check_annotations	field	cli::commands::Executor::check_annotations	cli::commands::NegExpect*.code	
UNSEEN	2	3	scan	string	cli::commands::Executor::check_annotations	field	cli::commands::Executor::check_annotations	cli::commands::NegExpect*.severity	
UNSEEN	1	3	scan	string	cli::commands::Executor::proj_first_unknown_requirement	literal	cli::commands::Executor::proj_first_unknown_requirement	"cxx"	
UNSEEN	1	3	scan	string	cli::commands::Executor::proj_first_unknown_requirement	literal	cli::commands::Executor::proj_first_unknown_requirement	"display"	
UNSEEN	1	3	scan	string	cli::commands::Executor::vendor_rebuild	call	cli::commands::Executor::cmd_vendor	cli::ParsedArgs.positional_at	
UNSEEN	1	3	scan	string	cli::commands::Executor::vendor_register	call	cli::commands::Executor::vendor_register	compiler::vendor::registry::VendorRegistry::normalize_triple	
UNSEEN	1	3	scan	string	compiler::bindgen::generator::BindingSerializer::contains	call	compiler::bindgen::generator::BindingSerializer::render	compiler::bindgen::generator::BindingSerializer::decl_name	
UNSEEN	2	3	scan	string	compiler::bindgen::generator::BindingSerializer::contains	call	compiler::bindgen::generator::BindingSerializer::render	std::fmt::format	
REFUSED-WHEN-UNALLOWED	1	3	scan	string	compiler::bindgen::generator::BindingSerializer::render	expr	compiler::bindgen::generator::BindingSerializer::render	IfExpression	a duplicate-declaration check: a C function declared twice in one header is rendered once; a C header's name is not a name in the program
REFUSED-WHEN-UNALLOWED	1	3	scan	string	compiler::bindgen::generator::BindingSerializer::render	field	compiler::bindgen::generator::BindingSerializer::render	compiler::ast::declaration::FunctionDeclNode*.name	a duplicate-declaration check: a C function declared twice in one header is rendered once; a C header's name is not a name in the program
UNSEEN	1	3	scan	string	compiler::bindgen::generator::VendorGenerator::dedup_in_place	element	compiler::bindgen::generator::VendorGenerator::dedup_in_place	mut out@0=expr:ArrayLiteral	
REFUSED-WHEN-UNALLOWED	1	3	scan	string	compiler::bindgen::importer::Importer.emit_forwarding_wrapper	literal	compiler::bindgen::importer::Importer.emit_forwarding_wrapper	""	builds syntax: an unnamed C parameter is given a name; the empty test reads no name, it looks none up
UNSEEN	1	3	scan	string	compiler::build_manifest::ModuleKeyTable.lookup	element	compiler::instance::CompilerInstance.run_project	mut pm_key_names@0=expr:ArrayLiteral	
UNSEEN	1	3	scan	string	compiler::codegen::state::diag_sink::DiagSink.is_stripped	call	compiler::codegen::state::diag_sink::DiagSink.is_stripped	compiler::resolver::mangled_name::MangledName.as_string	
UNSEEN	1	3	scan	string	compiler::codegen::state::string_cache::StringCache.get_or_create	call	compiler::codegen::visit::pattern_emitter::PatternEmitter.emit_match_arm_comparison	compiler::codegen::context::CodegenContext.resolve	
UNSEEN	1	3	scan	string	compiler::codegen::state::string_cache::StringCache.get_or_create	field	compiler::codegen::ops::declaration_emitter::DeclarationEmitter.codegen_global_var	compiler::ast::expression::LiteralNode*.value	
UNSEEN	1	3	scan	string	compiler::codegen::state::string_cache::StringCache.get_or_create	field	compiler::codegen::visit::ir_generator::IRGeneratorVisitor.codegen_literal	compiler::ast::expression::LiteralNode*.value	
UNSEEN	2	3	scan	string	compiler::deps::lockfile::Lockfile.find	field	compiler::deps::dep_resolver::DepResolver::resolve_git_dep	compiler::project_config::Dependency.name	
UNSEEN	1	3	scan	string	compiler::diag::renderer::DiagRenderer.collect_same_file_labels	field	compiler::diag::renderer::DiagRenderer.collect_same_file_labels	compiler::diag::source_span::SourceSpan.file	
UNSEEN	1	3	scan	string	compiler::diag::renderer::DiagRenderer.has_same_file_secondary	field	compiler::diag::renderer::DiagRenderer.has_same_file_secondary	compiler::diag::source_span::SourceSpan.file	
UNSEEN	1	3	scan	string	compiler::diag::renderer::DiagRenderer.primary_label_caption	literal	compiler::diag::renderer::DiagRenderer.primary_label_caption	""	
UNSEEN	1	3	scan	string	compiler::diag::renderer::DiagRenderer.render_body	field	compiler::diag::renderer::DiagRenderer.render_body	compiler::diag::source_span::SourceSpan.file	
UNSEEN	1	3	scan	string	compiler::diag::sink::DiagnosticSink.is_vendor_file	call	compiler::diag::sink::DiagnosticSink.is_vendor_file	utils::text::Text.as_string	
UNSEEN	1	3	scan	string	compiler::diag::sink::DiagnosticSink.mark_vendor_file	call	compiler::diag::sink::DiagnosticSink.mark_vendor_file	utils::text::Text.as_string	
UNSEEN	1	3	scan	string	compiler::instance::CompilerInstance.run_project	element	compiler::instance::CompilerInstance.run_project	mut cg_obj@0=expr:ArrayLiteral	
UNSEEN	1	3	scan	string	compiler::instance::CompilerInstance.run_project	element	compiler::instance::CompilerInstance.run_project	mut pm_key_hex@0=expr:ArrayLiteral	
UNSEEN	2	3	scan	string	compiler::instance::CompilerInstance.run_project	literal	compiler::instance::CompilerInstance.run_project	""	
UNSEEN	4	3	scan	string	compiler::instance::CompilerInstance.run_project	literal	compiler::instance::CompilerInstance.run_project	null	
UNSEEN	1	3	scan	string	compiler::instance::CompilerInstance::sync_vendor_lock	field	compiler::instance::CompilerInstance::sync_vendor_lock	compiler::deps::lockfile::LockedVendor.binding_sha	
UNSEEN	1	3	scan	string	compiler::instance::CompilerInstance::sync_vendor_lock	field	compiler::instance::CompilerInstance::sync_vendor_lock	compiler::deps::lockfile::LockedVendor.name	
UNSEEN	1	3	scan	string	compiler::instance::CompilerInstance::sync_vendor_lock	field	compiler::instance::CompilerInstance::sync_vendor_lock	compiler::deps::lockfile::LockedVendor.triple	
UNSEEN	1	3	scan	string	compiler::lex::lexer::Lexer::is_valid_numeric_suffix	call	compiler::lex::lexer::Lexer::is_valid_numeric_suffix	utils::keyword::Keyword.as_string	
UNSEEN	1	3	scan	string	compiler::module_loader::ModuleLoader.is_loaded	call	compiler::module_loader::ModuleLoader.discover_module	string.to_ascii_lower	
UNSEEN	1	3	scan	string	compiler::module_loader::ModuleLoader.is_loading	call	compiler::module_loader::ModuleLoader.discover_module	string.to_ascii_lower	
UNSEEN	1	3	scan	string	compiler::module_loader::ModuleLoader.note_vendor_import	field	compiler::module_loader::ModuleLoader.note_vendor_import	compiler::vendor::registry::VendorEntry.key	
UNSEEN	1	3	scan	string	compiler::module_loader::ModuleLoader.pop_loading	call	compiler::module_loader::ModuleLoader.discover_module	string.to_ascii_lower	
UNSEEN	1	3	scan	string	compiler::module_loader::ModuleLoader.triple_for_lib	expr	compiler::module_loader::ModuleLoader.resolve_import_path	BinaryExpression	
UNSEEN	1	3	scan	string	compiler::module_loader::ModuleLoader.triple_for_lib	field	compiler::module_loader::ModuleLoader.collect_vendor_locks	compiler::vendor::registry::VendorEntry.name	
UNSEEN	1	3	scan	string	compiler::module_loader::ModuleLoader.triple_for_lib	literal	compiler::module_loader::ModuleLoader.triple_for_lib	""	
UNSEEN	1	3	scan	string	compiler::parser::parser::Parser.parse_asm_block	field	compiler::parser::parser::Parser.parse_asm_block	compiler::lex::Token.lexeme	
UNSEEN	1	3	scan	string	compiler::parser::parser::Parser.parse_asm_block	literal	compiler::parser::parser::Parser.parse_asm_block	""	
UNSEEN	1	3	scan	string	compiler::parser::parser::Parser.parse_asm_block	literal	compiler::parser::parser::Parser.parse_asm_block	"intel"	
UNSEEN	1	3	scan	string	compiler::passes::directive_processing::DirectiveProcessingPasses::allows_spelling	global	compiler::passes::directive_processing::DirectiveProcessingPasses::allows_spelling	compiler::passes::directive_processing::LOOKUP_BY_SPELLING	
UNSEEN	1	3	scan	string	compiler::passes::directive_processing::DirectiveProcessingPasses::run_directive_processing	literal	compiler::passes::directive_processing::DirectiveProcessingPasses::run_directive_processing	"testing"	
UNSEEN	1	3	scan	string	compiler::passes::directive_processing::DirectiveProcessingPasses::validate_builtin	global	compiler::passes::directive_processing::DirectiveProcessingPasses::validate_builtin	compiler::passes::directive_processing::LOOKUP_BY_SPELLING	
UNSEEN	1	3	scan	string	compiler::passes::directive_processing::DirectiveProcessingPasses::validate_builtin	literal	compiler::passes::directive_processing::DirectiveProcessingPasses::validate_builtin	"reason"	
UNSEEN	1	3	scan	string	compiler::passes::pass_registry::PassRegistry::run_auto_import_pass	call	compiler::passes::pass_registry::PassRegistry::run_auto_import_pass	compiler::resolver::lang_item::LangModule.path	
UNSEEN	1	3	scan	string	compiler::passes::type_lowering::TypeLoweringPasses::run	literal	compiler::passes::type_lowering::TypeLoweringPasses::run	""	
REFUSED-WHEN-UNALLOWED	1	3	scan	string	compiler::resolver::name_resolution::NameResolver.type_name_candidates	field	compiler::resolver::name_resolution::NameResolver.type_name_candidates	compiler::resolver::name_resolution::NameResolver.defining_type	a suggestion's candidates are message text: one spelled as the alias being defined would name that alias, so it is not offered; nothing is looked up
UNSEEN	1	3	scan	string	compiler::sema::diagnostics::Diagnostics.attach_shadow_import_suggestions	literal	compiler::sema::diagnostics::Diagnostics.attach_shadow_import_suggestions	""	
UNSEEN	1	3	scan	string	compiler::vendor::registry::VendorEntry.cache_file_for	call	compiler::vendor::registry::VendorEntry.cache_file_for	utils::text::Text.as_string	
UNSEEN	1	3	scan	string	compiler::vendor::registry::VendorEntry.cache_key_for	call	compiler::vendor::auto_vendor::AutoVendor::ensure_one	compiler::vendor::registry::VendorRegistry::normalize_triple	
UNSEEN	3	3	scan	string	compiler::vendor::registry::VendorEntry.set_cache	call	cli::commands::Executor::vendor_register	compiler::vendor::registry::VendorRegistry::normalize_triple	
UNSEEN	1	3	scan	string	compiler::vendor::registry::VendorEntry.set_cache	call	compiler::vendor::auto_vendor::AutoVendor::ensure_one	compiler::vendor::registry::VendorRegistry::normalize_triple	
UNSEEN	1	3	scan	string	compiler::vendor::registry::VendorRegistry.find_index	call	cli::commands::Executor::cmd_vendor	cli::ParsedArgs.positional_at	
UNSEEN	1	3	scan	string	compiler::vendor::registry::VendorRegistry.find_index	call	cli::commands::Executor::vendor_register	cli::commands::Executor::to_lower	
UNSEEN	1	3	scan	string	compiler::vendor::registry::VendorRegistry.find_index	element	compiler::module_loader::ModuleLoader.collect_vendor_locks	compiler::module_loader::ModuleLoader.used_vendor_keys<-param:this	
UNSEEN	1	3	scan	string	compiler::vendor::registry::VendorRegistry.find_index	element	compiler::module_loader::ModuleLoader.merge_vendor_links	compiler::module_loader::ModuleLoader.used_vendor_keys<-param:this	
UNSEEN	1	3	scan	string	compiler::vendor::registry::VendorRegistry.find_index	expr	cli::commands::Executor::proj_requirement_met	BinaryExpression	
UNSEEN	1	3	scan	string	compiler::vendor::registry::VendorRegistry.find_index	expr	compiler::module_loader::ModuleLoader.note_vendor_import	BinaryExpression	
UNSEEN	1	3	scan	string	compiler::vendor::registry::VendorRegistry.find_index	expr	compiler::module_loader::ModuleLoader.resolve_import_path	BinaryExpression	
UNSEEN	1	3	scan	string	compiler::vendor::registry::VendorRegistry.find_index	field	compiler::instance::CompilerInstance.run_project	compiler::module_graph::ModuleInfo*.origin_name	
UNSEEN	1	3	scan	string	compiler::vendor::registry::VendorRegistry.find_index	field	compiler::vendor::auto_vendor::AutoVendor::ensure_pins	compiler::project_config::VendorPin.name	
UNSEEN	1	3	scan	string	compiler::vendor::registry::VendorRegistry.upsert	field	compiler::vendor::registry::VendorRegistry.upsert	compiler::vendor::registry::VendorEntry.key	
REFUSED-WHEN-UNALLOWED	1	3	write	name	compiler::decl_index::DeclarationIndex.note_extern_symbol	expr	compiler::passes::type_resolution::TypeResolutionPasses::run_function_signature	IfExpression	a duplicate-declaration check: two extern blocks declaring one C symbol are compared by it; a C symbol is the linker's name, not a name in the program
REFUSED-WHEN-UNALLOWED	1	3	write	name	compiler::resolver::resolver::Scope.push_entry	call	compiler::resolver::resolver::Resolver.declare_module_symbol	compiler::resolver::decl_name::DeclName.spelling	the rib's own storage, private to the resolver's module: the scope doors and the resolver's walks are its only callers
REFUSED-WHEN-UNALLOWED	1	3	write	name	compiler::resolver::resolver::Scope.push_entry	field	compiler::resolver::resolver::Resolver.declare	compiler::resolver::symbol::Symbol.name	the rib's own storage, private to the resolver's module: the scope doors and the resolver's walks are its only callers
REFUSED-WHEN-UNALLOWED	1	3	write	name	compiler::resolver::resolver::Scope.push_entry	field	compiler::resolver::resolver::Resolver.declare_import	compiler::resolver::symbol::Symbol.name	the rib's own storage, private to the resolver's module: the scope doors and the resolver's walks are its only callers
UNSEEN	1	3	write	string	cli::Runner.add_command	field	cli::Runner.add_command	cli::Command.name	
UNSEEN	1	3	write	string	compiler::diag::renderer::DiagRenderer.load_source	call	compiler::diag::renderer::DiagRenderer.load_source	utils::text::Text.as_string	
UNSEEN	1	3	write	string	compiler::diag::sink::DiagnosticSink.emit	call	compiler::diag::sink::DiagnosticSink.emit	std::fmt::format	
UNSEEN	1	3	write	string	compiler::module_loader::ModuleLoader.discover_module	call	compiler::module_loader::ModuleLoader.discover_module	string.to_ascii_lower	
UNSEEN	1	3	write	string	compiler::module_loader::ModuleLoader.discover_module	expr	compiler::module_loader::ModuleLoader.discover_module	IfExpression	
UNSEEN	1	3	write	string	compiler::module_loader::ModuleLoader.scan_file_namespace	call	compiler::module_loader::ModuleLoader.scan_all_project_files	std::fmt::format	
UNSEEN	1	3	write	string	compiler::module_loader::ModuleLoader.scan_file_namespace	field	compiler::module_loader::ModuleLoader.scan_file_namespace	compiler::module_loader::ModuleScanResult.namespace_name	
UNSEEN	1	3	write	string	compiler::resolver::intern_table::InternTable::new	literal	compiler::resolver::intern_table::InternTable::new	""	
UNSEEN	1	4	door:intern	string	compiler::ast::substituter::ASTTypeSubstituter.arg_label	identity	compiler::ast::substituter::ASTTypeSubstituter.arg_label	TypeArena.resolve_display_name	
UNSEEN	2	4	door:intern	string	compiler::ast::substituter::ASTTypeSubstituter.substitute_named_annotation	identity	compiler::ast::substituter::ASTTypeSubstituter.substitute_named_annotation	TypeArena.resolve_display_name	
REFUSED-WHEN-UNALLOWED	1	4	door:intern	string	compiler::decl_index::DeclarationIndex.mangle_function_symbol	identity	compiler::decl_index::DeclarationIndex.mangle_function_symbol	MangledName.as_string	a declaration's own name, mangled into its symbol; it keys no store
ALLOWED-UNSEEN	1	4	door:intern	string	compiler::decl_index::DeclarationIndex.register_methods_through	identity	compiler::decl_index::DeclarationIndex.register_methods_through	MangledName.as_string	records each method's link symbol, mangled from its trait's path; the entry is keyed by the definition
UNSEEN	1	4	door:intern	string	compiler::sema::async_lower::AsyncLower.make_type_ann	identity	compiler::sema::async_lower::AsyncLower.make_type_ann	TypeArena.resolve_display_name	
UNSEEN	2	4	door:intern	string	compiler::sema::sema::SemaVisitor.resolve_struct_literal	identity	compiler::sema::sema::SemaVisitor.resolve_struct_literal	TypeArena.format_display	
UNSEEN	2	4	door:intern	string	compiler::sema::sema::SemaVisitor.visit	identity	compiler::sema::sema::SemaVisitor.visit	TypeArena.format_display	
UNSEEN	1	4	door:intern	string	compiler::sema::type_utils::TypeUtils.type_display_name	identity	compiler::sema::type_utils::TypeUtils.type_display_name	TypeArena.format_display	
ALLOWED-UNSEEN	1	4	door:modules_in_view	string	compiler::module_graph::ModuleGraph.modules_written_as	identity	compiler::resolver::name_resolution::NameResolver.refuse_module_type_collisions	Symbol.name	a module path written in a body is a module written as text, and nothing has bound it yet: this is where it becomes the module
REFUSED-WHEN-UNALLOWED	1	4	map	name	compiler::resolver::resolver::Scope.find	identity	compiler::resolver::resolver::Resolver.declare_import	Symbol.name	the rib's own storage, private to the resolver's module: the scope doors and the resolver's walks are its only callers
REFUSED-WHEN-UNALLOWED	1	4	map	name	compiler::resolver::resolver::Scope.get_overloads	identity	compiler::resolver::resolver::Resolver.declare_import	Symbol.name	the rib's own storage, private to the resolver's module: the scope doors and the resolver's walks are its only callers
REFUSED-WHEN-UNALLOWED	1	4	map	name	compiler::resolver::resolver::Scope.insert	identity	compiler::resolver::resolver::Resolver.declare	Symbol.name	the rib's own storage, private to the resolver's module: the scope doors and the resolver's walks are its only callers
REFUSED-WHEN-UNALLOWED	1	4	map	name	compiler::resolver::resolver::Scope.insert	identity	compiler::resolver::resolver::Resolver.declare_module_symbol	DeclName.spelling	the rib's own storage, private to the resolver's module: the scope doors and the resolver's walks are its only callers
REFUSED-WHEN-UNALLOWED	1	4	map	name	compiler::resolver::resolver::Scope.insert_import	identity	compiler::resolver::resolver::Resolver.declare_import	Symbol.name	the rib's own storage, private to the resolver's module: the scope doors and the resolver's walks are its only callers
REFUSED-WHEN-UNALLOWED	1	4	scan	name	compiler::resolver::resolver::Scope.clear_ambiguity	identity	compiler::resolver::resolver::Resolver.declare	Symbol.name	the rib's own storage, private to the resolver's module: the scope doors and the resolver's walks are its only callers
REFUSED-WHEN-UNALLOWED	1	4	scan	name	compiler::resolver::resolver::Scope.clear_ambiguity	identity	compiler::resolver::resolver::Resolver.declare_module_symbol	DeclName.spelling	the rib's own storage, private to the resolver's module: the scope doors and the resolver's walks are its only callers
REFUSED-WHEN-UNALLOWED	1	4	scan	name	compiler::resolver::resolver::Scope.get_overloads	identity	compiler::resolver::resolver::Resolver.declare_import	Symbol.name	the rib's own storage, private to the resolver's module: the scope doors and the resolver's walks are its only callers
UNSEEN	1	4	scan	string	compiler::codegen::state::diag_sink::DiagSink.is_stripped	identity	compiler::codegen::state::diag_sink::DiagSink.is_stripped	MangledName.as_string	
REFUSED-WHEN-UNALLOWED	1	4	write	name	compiler::resolver::resolver::Scope.push_entry	identity	compiler::resolver::resolver::Resolver.declare	Symbol.name	the rib's own storage, private to the resolver's module: the scope doors and the resolver's walks are its only callers
REFUSED-WHEN-UNALLOWED	1	4	write	name	compiler::resolver::resolver::Scope.push_entry	identity	compiler::resolver::resolver::Resolver.declare_import	Symbol.name	the rib's own storage, private to the resolver's module: the scope doors and the resolver's walks are its only callers
REFUSED-WHEN-UNALLOWED	1	4	write	name	compiler::resolver::resolver::Scope.push_entry	identity	compiler::resolver::resolver::Resolver.declare_module_symbol	DeclName.spelling	the rib's own storage, private to the resolver's module: the scope doors and the resolver's walks are its only callers
